pair_id,type,a_id,a_name,b_id,b_name,same_probability,part_of_probability,tier,survivor_suggestion,reasons,a_desc_excerpt,b_desc_excerpt
argument_firmicus_witness3_envelope_amand1945__argument_firmicus_witness3_religion_useless_amand1945,argument,argument_firmicus_witness3_envelope_amand1945,"Argument-cadre du témoin n°3 Firmicus Mathesis I, 2, 5-11 — enveloppe tripartite de la diatribe antifataliste",argument_firmicus_witness3_religion_useless_amand1945,"Témoin n°3 (Firmicus Math I, 2, 8-9) — Deuxième argument : mépris des dieux et inutilité des rites",0.13,0.94,<=0.3,argument_firmicus_witness3_envelope_amand1945,description_token_overlap;label_token_overlap,"General argumentative framework identified by Amand 1945 (p. 185-188, ll. 10500-10791) within Firmicus Mathesis I, 2, 5-11 (Kroll-Skutsch I p. 7 l. 8 — p. 9 l. 4). Witness no. 3 articulates three casc","Second anti-fatalist moral argument reconstructed in Firmicus Mathesis I, 2, 8-9 (Kroll-Skutsch I p. 8) by Amand 1945 (analysis p. 186, Latin text p. 187). Logical conclusion of astrological fatalism:"
pub_alberti_1999_aspasius__pub_sharples_alberti_1999_aspasius,publication,pub_alberti_1999_aspasius,Il volontario e la scelta in Aspasio,pub_sharples_alberti_1999_aspasius,Aspasius: The Earliest Extant Commentary on Aristotle's Ethics,0.08,0.94,<=0.3,pub_sharples_alberti_1999_aspasius,author_year_match;description_token_overlap,"Alberti, A. (1999). ""Il volontario e la scelta in Aspasio."" In A. Alberti & R.W. Sharples (eds.), Aspasius: The Earliest Extant Commentary on Aristotle's Ethics (Berlin: De Gruyter), pp. 107-141. Thes","Antonina Alberti and R.W. Sharples (eds.), Aspasius: The Earliest Extant Commentary on Aristotle's Ethics (Peripatoi 17; Berlin: De Gruyter, 1999), 208 pp. SIGNIFICANCE: First scholarly volume dedicat"
pub_leroux_1996_human_freedom_plotinus__scholarly_work_gerson_1996_the_cambridge_companion_to_plotinus,publication,pub_leroux_1996_human_freedom_plotinus,Leroux 1996 — Human freedom in the thought of Plotinus,scholarly_work_gerson_1996_the_cambridge_companion_to_plotinus,Gerson 1996 — The Cambridge Companion to Plotinus,0.04,0.94,<=0.3,pub_leroux_1996_human_freedom_plotinus,description_token_overlap;label_token_overlap,"Georges Leroux, 'Human freedom in the thought of Plotinus', in L.P. Gerson (ed.), The Cambridge Companion to Plotinus, Cambridge: CUP, 1996, 292-314. Chapter-length synthesis of Plotinus on freedom, d",The Cambridge Companion to Plotinus
work_augustine_confessiones_viii__work_confessions,work,work_augustine_confessiones_viii,"Augustine, Confessiones VIII (Two Wills)",work_confessions,Confessiones (Confessions),0.33,0.94,0.3-0.7,work_augustine_confessiones_viii,description_token_overlap;label_token_overlap,"Augustine of Hippo, Confessiones Book VIII (composed c. 397–401 CE) — the locus classicus of the duae voluntates ('two wills') doctrine that would reshape Western philosophical psychology. Conf. VIII.","Augustine's spiritual autobiography culminating in his conversion. Books VII-VIII particularly important for understanding his views on will, grace, and conversion through Neoplatonism and Paul's epis"
scholarly_argument_gibbons_pauline_anthropology_preserves_conflicting_motivations__scholarly_argument_rousseau_free_will_in_gnosticism_0,argument,scholarly_argument_gibbons_pauline_anthropology_preserves_conflicting_motivations,Gibbons: Pauline anthropology preserves conflicting motivations without making choice indeterminate,scholarly_argument_rousseau_free_will_in_gnosticism_0,Rousseau: The edition presents Irenaeus's report that Valentinian Gnostics held determinis,0.12,0.94,<=0.3,scholarly_argument_gibbons_pauline_anthropology_preserves_conflicting_motivations,description_token_overlap,"Gibbons argues that Origen's Pauline anthropology supplies the motivational architecture for universal revisability. The soul stands between spirit and flesh, so better spiritual desires and worse bod","SC 264 presents Irenaeus's report (AH I,6,1-2; I,7,5) that the Valentinians posit three elements or races — hylic, psychic, pneumatic (Cain, Abel, Seth). The hylic perishes of necessity, incapable of "
pub_furst_2019_origen_of_alexandria_christian_philosophy_of_freedom__pub_hankinson_1999_determinism,publication,pub_furst_2019_origen_of_alexandria_christian_philosophy_of_freedom,Alfons Fürst 2019 — Origen of Alexandria: Christian Philosophy of Freedom,pub_hankinson_1999_determinism,Determinism and Indeterminism,0.08,0.94,<=0.3,pub_furst_2019_origen_of_alexandria_christian_philosophy_of_freedom,description_token_overlap,"Abstract Origen of Alexandria (185–253/54) is the founder of the Christian philosophy of freedom. Drawing on both the philological and philosophical heritage of Hellenistic and Roman culture, he inven","Hankinson, R.J. (1999). ""Determinism and Indeterminism."" In K. Algra et al. (eds.), The Cambridge History of Hellenistic Philosophy (Cambridge UP), pp. 513-541. Thesis: Comprehensive survey of the anc"
sc_origenes_contra_celsum__work_origen_contra_celsum_sc132,work,sc_origenes_contra_celsum,"Origenes, Contra Celsum",work_origen_contra_celsum_sc132,"Contra Celsum (SC 132, 136, 147, 150)",0.76,0.93,0.7-0.9,sc_origenes_contra_celsum,description_token_overlap;label_token_overlap,"Origen of Alexandria (c. 185–253 CE), Contra Celsum (Κατὰ Κέλσου), eight books composed c. 248 CE at Caesarea at the request of his patron Ambrose. The longest surviving apologetic work from antiquity","Title: Against Celsus (Κατὰ Κέλσου) Author: Origen of Alexandria Date: c. 248 CE Edition: Sources Chrétiennes 132, 136, 147, 150 (Borret) Contents relevant to free will: Books III-IV: Extended defense"
pub_bobichon_2003_justin_dialogue_tryphon__scholarly_work_bobichon_2003_justin_martyr_dialogue_avec_le_tryphon_d,publication,pub_bobichon_2003_justin_dialogue_tryphon,"Bobichon, P. (2003). Justin Martyr: Dialogue avec Tryphon. Édition critique. Paradosis 47/1-2. Academic Press Fribourg.",scholarly_work_bobichon_2003_justin_martyr_dialogue_avec_le_tryphon_d,"Bobichon 2003 — Justin Martyr, Dialogue avec Tryphon, édition critique, vol. 2 (Paradosis 47/2)",0.23,0.92,<=0.3,pub_bobichon_2003_justin_dialogue_tryphon,description_token_overlap;label_token_overlap,"Reference critical edition of Justin Martyr's *Dialogue avec Tryphon* by Philippe Bobichon (Academic Press Fribourg 2003, *Paradosis* 47/1-2, 2 vols., 1146 pp. in total). Volume 1: Greek text establis","Justin Martyr, Dialogue avec Tryphon - édition critique 2"
work_consolatio_philosophiae_boethius_524ce_f1g2h3i4__work_consolation_v_boethius_524ce_x4y5z6a7,work,work_consolatio_philosophiae_boethius_524ce_f1g2h3i4,De consolatione philosophiae (Consolation of Philosophy),work_consolation_v_boethius_524ce_x4y5z6a7,Consolation of Philosophy Book V - Boethius,0.64,0.92,0.3-0.7,work_consolatio_philosophiae_boethius_524ce_f1g2h3i4,description_token_overlap;label_token_overlap,"Author: Anicius Manlius Severinus Boethius
Date: 524 CE (written in prison awaiting execution)
Language: Latin
Form: Prosimetrum (alternating prose and verse)
Structure: 5 Books, prosimetrum alternati","The Consolation of Philosophy (De Consolatione Philosophiae) is Boethius' masterpiece, written in prison while awaiting execution. A dialogue between Boethius and personified Philosophy, it addresses "
pub_moreschini_2002_critica_all_apocatastasi_origeniana_in_massimo_il_confessore_in__pub_perrone_2000_provvidenza_origene_dizionario_la_cultura_il_pensiero_le_opere_c,publication,pub_moreschini_2002_critica_all_apocatastasi_origeniana_in_massimo_il_confessore_in,"Moreschini C. 2002 — Critica all`apocatastasi origeniana in Massimo il Confessore, in«Millennium»: L`attesa della fine nei primi secoli cristiani. Atti delle III Giornate Patristiche Torinesi, Torino 23-24 ottobre 2000, a cura di R. Uglione",pub_perrone_2000_provvidenza_origene_dizionario_la_cultura_il_pensiero_le_opere_c,"Perrone L. 2000 — Provvidenza, Origene. Dizionario: la cultura, il pensiero, le opere, a cura di A. Monaci Castagno",0.16,0.92,<=0.3,pub_perrone_2000_provvidenza_origene_dizionario_la_cultura_il_pensiero_le_opere_c,description_token_overlap;label_token_overlap,"[1. L`enade e la protologia. 2. Per una lettura dell`ambiguum 7. 3. Interpretazioni critiche. / «In conclusione, se la divinizzazione di tutti gli uomini è voluta continuamente da Dio, anche prima del",[1. Provvidenza come piano salvifico di Dio per gli uomini. 2. La prescienza divina come presupposto dell`economia provvidenziale e il suo rapporto col libero arbitrio].
argument_origen_witness_diss_precession_equinoxes_amand1945__argument_origen_witness_diss_problem3_human_ignorance_amand1945,argument,argument_origen_witness_diss_precession_equinoxes_amand1945,Origène — Précession des équinoxes mobilisée contre l'astrologie scientifique (Amand 1945),argument_origen_witness_diss_problem3_human_ignorance_amand1945,Origène — Problème 3 : ignorance humaine des signes (4 arguments) (Amand 1945),0.19,0.92,<=0.3,argument_origen_witness_diss_problem3_human_ignorance_amand1945,description_token_overlap,"Amand (p. 314) [specific sub-theme drawn from Problem 3]: Amand emphasizes the exceptional scientific-philological significance of Origen's argument. Origen distinguishes (Phil. 23.18, Robinson p. 206","Amand (p. 313-315): Problem 3 — Man cannot acquire exact knowledge of the events and human actions foretold by astral configurations. Four arguments (Phil. 23.17-19, Robinson p. 205-208): (1) Imprecis"
pub_biryukov_2023_comprehension_of_the_historical_process_in_the_theological_herit__pub_hadot_1992_citadelle_interieure,publication,pub_biryukov_2023_comprehension_of_the_historical_process_in_the_theological_herit,Arseniy Biryukov 2023 — Comprehension of the historical process in the theological heritage of Origen of Alexandria,pub_hadot_1992_citadelle_interieure,Hadot 1992 — La Citadelle intérieure. Introduction aux Pensées de Marc Aurèle,0.07,0.92,<=0.3,pub_hadot_1992_citadelle_interieure,description_token_overlap,"Introduction. Origen of Alexandria is a large Christian thinker who worked in line with the philosophy of Platonism, Neoplatonism and the emerging Christian tradition. He is a significant figure, both","Pierre Hadot, *La Citadelle intérieure. Introduction aux Pensées de Marc Aurèle*, Paris: Fayard, 1992 (rééd. 1997, 2002 LGF Poche), ISBN 978-2-213-02984-9. Hadot's masterwork, the culmination of more "
work_theophilus_ad_autolycum_book2__work_theophilus_ad_autolycum_sc20,work,work_theophilus_ad_autolycum_book2,"Theophilus, Ad Autolycum Book 2",work_theophilus_ad_autolycum_sc20,Ad Autolycum (SC 20),0.32,0.91,0.3-0.7,work_theophilus_ad_autolycum_book2,description_token_overlap;label_token_overlap,"Second book of Theophilus's three-book apologetic work addressed to pagan Autolycus. Contains pioneering articulation of νήπιος doctrine in chapters 25-28, arguing Adam existed as literal infant at cr",Title: To Autolycus (Πρὸς Αὐτόλυκον) Author: Theophilus of Antioch Date: c. 180 CE Edition: Sources Chrétiennes 20 (Bardy) Contents relevant to free will: Book II.27: Creation and Adamic freedom. Inte
work_chrysostom_hom_romans__work_origen_commentary_romans,work,work_chrysostom_hom_romans,"John Chrysostom, Homiliae in Epistulam ad Romanos (Homilies on Romans)",work_origen_commentary_romans,Commentary on Romans (Commentarii in Epistulam ad Romanos),0.68,0.91,0.3-0.7,work_origen_commentary_romans,description_token_overlap;label_token_overlap,"John Chrysostom's series of 32 homilies on Paul's Epistle to the Romans (PG 60, 391–682), delivered at Antioch between c. 391 and c. 397 CE while Chrysostom was still presbyter under bishop Flavian. T","Origen's Commentary on Romans (c. 246 CE) is the oldest extant Romans commentary, surviving in Rufinus's substantially abridged Latin translation (c. 405 CE; the original 15 books were reduced to 10)."
argument_philo_de_providentia_argument_envelope_amand1945__argument_philo_de_providentia_moral_responsibility_amand1945,argument,argument_philo_de_providentia_argument_envelope_amand1945,Argument-cadre Philon De prov. I.77-88 — l'enveloppe quadripartite de la diatribe antifataliste,argument_philo_de_providentia_moral_responsibility_amand1945,"Premier argument antifataliste du Περὶ προνοίας I, 78-83 — chef moral (Philon, témoin n°1 d'Amand)",0.09,0.91,<=0.3,argument_philo_de_providentia_moral_responsibility_amand1945,description_token_overlap;label_token_overlap,"General argumentative framework identified by Amand 1945 (p. 84-85, ll. 5371-5394) within Philo's Περὶ προνοίας I, 77-88. According to Amand, Philo ""sets out arguments whose Neo-Academic origin Wendla","First of the four anti-fatalist arguments in Philo’s Περὶ προνοίας (according to Amand, p. 85-93, ll. 5395-5917), regarded by him as “the most powerful, most decisive proof against fatalism.” This arg"
argument_firmicus_witness3_envelope_amand1945__argument_firmicus_witness3_virtue_vain_under_stars_amand1945,argument,argument_firmicus_witness3_envelope_amand1945,"Argument-cadre du témoin n°3 Firmicus Mathesis I, 2, 5-11 — enveloppe tripartite de la diatribe antifataliste",argument_firmicus_witness3_virtue_vain_under_stars_amand1945,"Témoin n°3 (Firmicus Math I, 2, 5-7) — Premier argument : effort de vertu vain sous les constellations",0.11,0.9,<=0.3,argument_firmicus_witness3_envelope_amand1945,description_token_overlap;label_token_overlap,"General argumentative framework identified by Amand 1945 (p. 185-188, ll. 10500-10791) within Firmicus Mathesis I, 2, 5-11 (Kroll-Skutsch I p. 7 l. 8 — p. 9 l. 4). Witness no. 3 articulates three casc","First anti-fatalist moral argument reconstructed in Firmicus Mathesis I, 2, 5-7 (Kroll-Skutsch I p. 7 l. 8 — p. 8) by Amand 1945 (analysis p. 185-186, Latin text p. 186-187). Main theme of witness no."
argument_firmicus_witness3_envelope_amand1945__argument_firmicus_witness3_laws_abrogated_amand1945,argument,argument_firmicus_witness3_envelope_amand1945,"Argument-cadre du témoin n°3 Firmicus Mathesis I, 2, 5-11 — enveloppe tripartite de la diatribe antifataliste",argument_firmicus_witness3_laws_abrogated_amand1945,"Témoin n°3 (Firmicus Math I, 2, 10-11) — Troisième argument : abrogation des lois et droits du magistrat",0.23,0.9,<=0.3,argument_firmicus_witness3_envelope_amand1945,description_token_overlap;label_token_overlap,"General argumentative framework identified by Amand 1945 (p. 185-188, ll. 10500-10791) within Firmicus Mathesis I, 2, 5-11 (Kroll-Skutsch I p. 7 l. 8 — p. 9 l. 4). Witness no. 3 articulates three casc","Third anti-fatalist moral argument reconstructed in Firmicus Mathesis I, 2, 10-11 (Kroll-Skutsch I p. 8 l. 25 — p. 9 l. 4) by Amand 1945 (analysis p. 186, Latin text p. 187-188). Legislative-juridical"
pub_bobichon_2003_justin_dialogue_tryphon__scholarly_work_bobichon_2003_justin_martyr_dialogue_avec_tryphon_diti,publication,pub_bobichon_2003_justin_dialogue_tryphon,"Bobichon, P. (2003). Justin Martyr: Dialogue avec Tryphon. Édition critique. Paradosis 47/1-2. Academic Press Fribourg.",scholarly_work_bobichon_2003_justin_martyr_dialogue_avec_tryphon_diti,"Bobichon 2003 — Justin Martyr, Dialogue avec Tryphon, édition critique, vol. 1 (Paradosis 47/1)",0.25,0.89,<=0.3,pub_bobichon_2003_justin_dialogue_tryphon,description_token_overlap;label_token_overlap,"Reference critical edition of Justin Martyr's *Dialogue avec Tryphon* by Philippe Bobichon (Academic Press Fribourg 2003, *Paradosis* 47/1-2, 2 vols., 1146 pp. in total). Volume 1: Greek text establis","Justin Martyr, Dialogue avec Tryphon - édition critique"
argument_dihle_1982_augustine_invents_philosophical_voluntas__argument_dihle_1982_augustine_responds_to_manichean_and_pelagian,argument,argument_dihle_1982_augustine_invents_philosophical_voluntas,Dihle 1982 — Augustin invente le concept philosophique de voluntas,argument_dihle_1982_augustine_responds_to_manichean_and_pelagian,Dihle 1982 — La voluntas augustinienne nait du double aiguillon manicheen et pelagien,0.75,0.89,0.7-0.9,argument_dihle_1982_augustine_invents_philosophical_voluntas,description_token_overlap;label_token_overlap,"Central argument of Lect. VI (p. 123-144 / md ll. 9890-11043). Augustine, under the double spur of anti-Manichaean polemic and the Pelagian controversy, transforms the classical Latin term voluntas (h","Genealogical argument of Dihle 1982 (Lect. VI §II, p. 128-140 / md ll. 5185-5360). The construction of Augustine's concept of voluntas does not arise from abstract metaphysical speculation but from tw"
synthesis_bobzien2001_ch2_chrysippean_arguments__synthesis_bobzien2001_ch3_modality,synthesis,synthesis_bobzien2001_ch2_chrysippean_arguments,Bobzien 2001 Ch. 2 — Deux arguments chrysippeens pour le determinisme causal (bivalence + divination),synthesis_bobzien2001_ch3_modality,"Bobzien 2001 Ch. 3 — Modalite, determinisme, liberte (Chrysippe vs Diodore vs Philon)",0.8,0.89,0.7-0.9,synthesis_bobzien2001_ch2_chrysippean_arguments,description_token_overlap;label_token_overlap,Synthesis Bobzien 2001 ch. 2 (p. 59-96): Chrysippus develops two distinct arguments to establish universal causal determinism. (1) Argument from bivalence (§2.1): every future proposition already has ,Synthesis of Bobzien 2001 Ch. 3 (p. 97-143): Chrysippus develops a distinct modal system that must preserve contingency within the framework of causal determinism. (1) Hellenistic modalities (§3.1.1):
pub_bobzien_2000_epicurus_free_will__pub_bobzien_2021_determinism_freedom_essays,publication,pub_bobzien_2000_epicurus_free_will,Did Epicurus Discover the Free Will Problem?,pub_bobzien_2021_determinism_freedom_essays,"Bobzien 2021 — Determinism, Freedom, and Moral Responsibility: Essays in Ancient Philosophy",0.08,0.89,<=0.3,pub_bobzien_2021_determinism_freedom_essays,description_token_overlap,"Bobzien, S. (2000). ""Did Epicurus Discover the Free Will Problem?"" Oxford Studies in Ancient Philosophy 19: 287-337. Argues that Epicurus did not frame the issue as a ""free will problem"" in the modern","Susanne Bobzien, *Determinism, Freedom, and Moral Responsibility: Essays in Ancient Philosophy*, Oxford: OUP, 2021, xvi + 323 p., ISBN 978-0-19-886673-2. Collection of 9 essays published between 1997 "
sc123_melito_de_anima_et_corpore__work_plutarch_de_fato_complete,work,sc123_melito_de_anima_et_corpore,"Melito, De Anima et Corpore (fr.)",work_plutarch_de_fato_complete,"Pseudo-Plutarch, De Fato (Moralia 568b-574f)",0.09,0.89,<=0.3,work_plutarch_de_fato_complete,description_token_overlap,"Attributed to Melito of Sardis (fl. c. 160-170 CE), De anima et corpore (Fragment XIII in Perler's numbering; = Hall, Fragment 13). Short fragment on soul and body, transmitted in Syriac florilegia un","Pseudo-Plutarch, De fato (Περὶ εἱμαρμένης), Moralia 568B–574F, transmitted under Plutarch's name and conventionally assigned to an anonymous Middle Platonist. The pinned corpus uses Bernardakis' 1891 "
argument_reactive_attitudes_alex__scholarly_argument_markschies_celsus_misidentification_shapes_providence_frame,argument,argument_reactive_attitudes_alex,Legacy reconstruction (discovery only): Reactive Attitudes Argument (Alexander),scholarly_argument_markschies_celsus_misidentification_shapes_providence_frame,Markschies: a mistaken Epicurean identification shapes Contra Celsum's providence frame,0.07,0.88,<=0.3,scholarly_argument_markschies_celsus_misidentification_shapes_providence_frame,description_token_overlap,"Modern reactive-attitudes comparison, discovery only. Alexander's polemical appeals to anger, gratitude, praise and blame may be compared with later analytic debates, but the Strawsonian taxonomy is n","Markschies argues that Contra Celsum's anti-Epicurean frame, with providence as a guiding theme, rests on Origen's mistaken identification of Celsus. Origen increasingly noticed mismatches but retaine"
argument_furst_2022_aristotle_no_will_intellectualism__scholarly_argument_irwin_1992_voluntarism_intellectualism_share_concept,argument,argument_furst_2022_aristotle_no_will_intellectualism,"Pas de concept de volonté chez Aristote — intellectualisme grec (Fürst 2022, suivant Frede)",scholarly_argument_irwin_1992_voluntarism_intellectualism_share_concept,Irwin: denying Greeks a concept of will because they are not voluntarists is a historical and philosophical mistake,0.11,0.88,<=0.3,scholarly_argument_irwin_1992_voluntarism_intellectualism_share_concept,description_token_overlap,"Fürst 2022's thesis (Thematische Eingrenzungen 1a), following Frede 2011 and Dihle 1985: neither Plato nor Aristotle possesses a concept of will (Wille) as a mental-psychic force independent of the in",Irwin's closing diagnosis of the whole debate: critics who claim that Greek philosophers have no concept of the will may really mean only that the Greeks do not hold a voluntarist conception of the wi
argument_pseudo_chrysostom_de_fato_recapitulation_amand1945__argument_pseudo_chrysostom_de_fato_v_witness6_amand1945,argument,argument_pseudo_chrysostom_de_fato_recapitulation_amand1945,"Pseudo-Chrysostom De Fato V — récapitulation oratoire 'εἰ γένεσίς ἐστι, ...'",argument_pseudo_chrysostom_de_fato_v_witness6_amand1945,Pseudo-Chrysostom De Fato V — texte témoin n°6 (récapitulation carnéadienne),0.51,0.87,0.3-0.7,argument_pseudo_chrysostom_de_fato_v_witness6_amand1945,description_token_overlap;label_token_overlap,"Famous rhetorical recapitulation by Pseudo-Chrysostom at the end of Discours V (PG 50, 768 l.30-44). A rhetorical climax condensing, in eight parallel negations, the entire anti-fatalist moral argumen","Central argument of Pseudo-Chrysostom in the Discours sur le Destin et la Providence V (PG 50, 765 l.24 — 768 l.44). For Amand 1945 (chapter on John Chrysostom, « 3. Troisième texte », p. 519-532), th"
work_cleanthes_hymn_to_zeus__work_cleanthes_svf_i_fragments,work,work_cleanthes_hymn_to_zeus,"Cléanthe, Hymne à Zeus (Ὕμνος εἰς Δία)",work_cleanthes_svf_i_fragments,"Cleanthes, Fragmenta (SVF I.463-619, Arnim)",0.11,0.87,<=0.3,work_cleanthes_svf_i_fragments,description_token_overlap,"Cleanthes of Assos, *Hymn to Zeus* (Ὕμνος εἰς Δία), 39 dactylic hexameters in archaic Stoic — the only Stoic poetic text preserved in its entirety. Transmitted by Stobaeus, *Anthologium* I.1.12 (SVF I","Collected fragments of Cleanthes of Assos (Stoic scholarch c. 263-230 BCE), edited by Hans von Arnim in Stoicorum Veterum Fragmenta vol. I (Teubner 1905), section 5: 'Cleanthis Assii fragmenta et apop"
sc123_melito_peri_pascha__work_eusebius_he_iv_26_melito_fr_iv,work,sc123_melito_peri_pascha,"Melito, Peri Pascha",work_eusebius_he_iv_26_melito_fr_iv,"Melito, Peri Pascha fr. IV",0.27,0.86,<=0.3,sc123_melito_peri_pascha,description_token_overlap;label_token_overlap,"Melito of Sardis (fl. c. 160–170 CE), Peri Pascha (Περὶ Πάσχα / Homilia de Pascha). The oldest surviving complete Christian Paschal homily, recovered from the Chester Beatty papyrus (Chester Beatty XI","Melito of Sardis (fl. c. 160-170 CE), Peri Pascha Fragment IV. Melito's own dating notice from the opening of the Peri Pascha, quoted by Eusebius, Historia ecclesiastica IV.26.3, to date the work unde"
pub_koch_1932_kap_ii_die_bedeutung_der_stoischen_theodizee_fur_origenes__pub_koch_1932_pronoia,publication,pub_koch_1932_kap_ii_die_bedeutung_der_stoischen_theodizee_fur_origenes,Hal Koch 1932 — Kap. II. Die Bedeutung der stoischen Theodizee für Origenes,pub_koch_1932_pronoia,Pronoia und Paideusis: Studien über Origenes und sein Verhältnis zum Platonismus,0.22,0.86,<=0.3,pub_koch_1932_pronoia,author_year_match,Kap. II. Die Bedeutung der stoischen Theodizee für Origenes,"Study of providence (pronoia) and education (paideusis) in Origen, analyzing his relationship to Platonism."
sc268_origenes_peri_archon__work_de_principiis_origen_230s_v2w3x4y5,work,sc268_origenes_peri_archon,"Origenes, De Principiis (Excerpta graeca)",work_de_principiis_origen_230s_v2w3x4y5,De Principiis (Περὶ Ἀρχῶν) - Origen,0.56,0.85,0.3-0.7,work_de_principiis_origen_230s_v2w3x4y5,description_token_overlap;label_token_overlap,"Origen of Alexandria (c. 185-253 CE), Peri Archon III (De Principiis III). Greek excerpts preserved in the Philocalia (ch. 21), covering Book III which is the most sustained ancient Christian treatmen","De Principiis (Περὶ Ἀρχῶν, 'On First Principles') is Origen's great systematic theology - one of the first comprehensive Christian doctrinal syntheses. In four books, it covers: I. God, Christ, Holy S"
argument_origen_witness_carneadean_transposition_envelope_amand1945__argument_origen_witness_carneades_transposition_praise_blame_amand1945,argument,argument_origen_witness_carneadean_transposition_envelope_amand1945,Origène — Transposition théologique des arguments moraux de Carnéade (Amand 1945 Livre II Ch. V §IV),argument_origen_witness_carneades_transposition_praise_blame_amand1945,Origène (transposant Carnéade) — Fatalisme ruine louange/blâme + récompenses eschatologiques (Amand 1945),0.44,0.85,0.3-0.7,argument_origen_witness_carneadean_transposition_envelope_amand1945,description_token_overlap;label_token_overlap,"Argumentative framework: Amand devotes §IV (p. 318-325) to Origen's use of Carneades' anti-fatalist moral argumentation. It is the first two sections of chapter 23 of the Philocalia (Phil. 23.1-2, Rob","Amand (p. 321): First Carneadean argument taken up by Origen, cast in categorical form and adapted to biblical eschatology (Phil. 23.1, Robinson p. 187,24 — 188,5). Original Greek text: « Ἕπεται δὲ το"
pub_carbonell_2016_origen_of_alexandria_on_self_determination_and_non_transferable__pub_fernandez_2016_auto_determinacion_responsabilidad_intransferible_en_origenes_de,publication,pub_carbonell_2016_origen_of_alexandria_on_self_determination_and_non_transferable,"Claudia Carbonell 2016 — Origen of Alexandria on self-determination and non-transferable responsibility. A philosophical approach. (De principiis III, 1)",pub_fernandez_2016_auto_determinacion_responsabilidad_intransferible_en_origenes_de,"Claudia Carbonell Fernández 2016 — Auto-determinación y responsabilidad intransferible en Orígenes de Alejandría. Una consideración filosófica (De principiis III, 1)",0.79,0.84,0.7-0.9,pub_carbonell_2016_origen_of_alexandria_on_self_determination_and_non_transferable,author_year_match;description_token_overlap;label_token_overlap,"In this article, I seek to establish the philosophical contribution of Origen to the idea of the free and responsible nature of the moral agent in De principiis III, 1. I will first show the global ch","Auto-determinación y responsabilidad intransferible en Orígenes de Alejandría. Una consideración filosófica (De principiis III, 1)"
sc79_chrysostomus_de_providentia__work_pseudo_chrysostom_de_fato_providentia,work,sc79_chrysostomus_de_providentia,"Chrysostomus, De Providentia",work_pseudo_chrysostom_de_fato_providentia,"Pseudo-John Chrysostom, De Fato et Providentia (Discourses on Fate and Providence)",0.64,0.84,0.3-0.7,sc79_chrysostomus_de_providentia,description_token_overlap;label_token_overlap,"Les Six Discours sur le Destin et la Providence (Peri heimarmenes te kai pronoias logoi hex) attributed by the manuscript tradition to John Chrysostom (PG 50, 749-774). For Amand 1945 (Book II ch. XII",Les Six Discours sur le Destin et la Providence (Peri heimarmenes te kai pronoias logoi hex) as attributed to Pseudo-Chrysostom for the purposes of witness no. 6 in Amand 1945 — particularly Discourse
work_proclus_de_providentia_fato_in_nobis__work_proclus_tria_opuscula_c9a8e4b3,work,work_proclus_de_providentia_fato_in_nobis,"Proclus, Sur la Providence, le Destin et ce qui dépend de nous (De Providentia, Fato et eo quod in nobis)",work_proclus_tria_opuscula_c9a8e4b3,Tria Opuscula (Three Essays) - Proclus,0.08,0.83,<=0.3,work_proclus_tria_opuscula_c9a8e4b3,description_token_overlap;label_token_overlap,"Second opusculum of Proclus' Tria Opuscula, lost in Greek but preserved in William of Moerbeke's literal Latin translation (13th c.). Here Proclus responds to the objections of Theodore the engineer (","Three monographs on providence, fate, free will, and evil: De Decem Dubitationibus circa Providentiam (Ten Doubts Concerning Providence), De Providentia et Fato (On Providence and Fate), and De Maloru"
work_epicurus_letter_herodotus__work_epicurus_letter_menoeceus,work,work_epicurus_letter_herodotus,Letter to Herodotus (Epistula ad Herodotum),work_epicurus_letter_menoeceus,Letter to Menoeceus (Epistula ad Menoeceum),0.29,0.83,<=0.3,work_epicurus_letter_menoeceus,description_token_overlap;label_token_overlap,"Epicurus's summary of his physics, preserved in Diogenes Laertius X.35-83. Contains the core atomic theory including the fundamental postulates: atoms and void are the only existents, atoms are infini","Epicurus's summary of his ethics, preserved in Diogenes Laertius X.122-135. Contains the passage on fate and chance: it were better to follow the myths about the gods than to become a slave to the des"
work_eusebius_he_iv_26_melito_fr_iv__work_melito_peri_pascha,work,work_eusebius_he_iv_26_melito_fr_iv,"Melito, Peri Pascha fr. IV",work_melito_peri_pascha,On the Pascha (Περὶ Πάσχα),0.16,0.83,<=0.3,work_melito_peri_pascha,description_token_overlap;label_token_overlap,"Melito of Sardis (fl. c. 160-170 CE), Peri Pascha Fragment IV. Melito's own dating notice from the opening of the Peri Pascha, quoted by Eusebius, Historia ecclesiastica IV.26.3, to date the work unde","Melito of Sardis' Paschal Homily (c. 160-170 CE) is the most Pauline of second-century texts on sin and freedom. Pasch. 47-49 presents anthropology of original capability: humans were ""by nature capab"
pub_destree_2014_plato_er__pub_destree_salles_zingano_2014_what_is_up_to_us,publication,pub_destree_2014_plato_er,Comment être responsable de son destin? Platon et le mythe d'Er,pub_destree_salles_zingano_2014_what_is_up_to_us,"Destrée, Salles & Zingano (eds.), What is Up to Us? Studies on Agency and Responsibility in Ancient Philosophy (2014)",0.04,0.83,<=0.3,pub_destree_salles_zingano_2014_what_is_up_to_us,description_token_overlap,"Chapter by Pierre Destrée in P. Destrée, R. Salles & M. Zingano (eds.), 'What is Up to Us? Studies on Agency and Responsibility in Ancient Philosophy' (Sankt Augustin: Academia Verlag, 2014). Destrée ","Edited by Pierre Destrée, Ricardo Salles and Marco Zingano, this 2014 Academia Verlag volume contains an introduction and twenty-two studies of agency and responsibility from Democritus to Simplicius."
sc507_iustinus_apologia_i__work_justin_first_apology,work,sc507_iustinus_apologia_i,"Iustinus, Apologia I",work_justin_first_apology,First Apology (Ἀπολογία πρώτη),0.85,0.82,0.7-0.9,sc507_iustinus_apologia_i,description_token_overlap,"Justin Martyr, *First Apology* (Ἀπολογία πρώτη), addressed to Antoninus Pius, Marcus Aurelius and Lucius Verus c. 153-155 CE in Rome. Here Justin offers a rational defence of Christianity against the ","Justin Martyr's First Apology (c. 155 CE), addressed to Emperor Antoninus Pius, is an apologetic treatise whose chapters 43–44 form the philosophical centerpiece on free will and constitute what is of"
pub_sharples_1982_providence__pub_sharples_2008_accident_determinisme,publication,pub_sharples_1982_providence,Alexander of Aphrodisias on Divine Providence: Two Problems,pub_sharples_2008_accident_determinisme,L'accident du déterminisme,0.1,0.82,<=0.3,pub_sharples_2008_accident_determinisme,description_token_overlap,"R.W. Sharples, ""Alexander of Aphrodisias on Divine Providence: Two Problems,"" Classical Quarterly 32.1 (1982): 198-211. MAIN ARGUMENT: Sharples argues that Alexander's position on providence represent","Sharples, R.W. (2008). ""L'accident du déterminisme."" Les Études philosophiques 2008/3: 285-303. Thesis: Analyzes Alexander of Aphrodisias's treatment of determinism and responsibility in De Fato—""perh"
sc20_theophilus_ad_autolycum__work_theophilus_ad_autolycum_sc20,work,sc20_theophilus_ad_autolycum,"Theophilus, Ad Autolycum",work_theophilus_ad_autolycum_sc20,Ad Autolycum (SC 20),0.65,0.81,0.3-0.7,sc20_theophilus_ad_autolycum,description_token_overlap;label_token_overlap,"Theophilus of Antioch, *Ad Autolycum libri III* (Πρὸς Αὐτόλυκον). Composed c. 180-190 AD in Antioch, under the episcopate of Theophilus (the sixth bishop of Antioch according to Eusebius, *HE* IV.20).",Title: To Autolycus (Πρὸς Αὐτόλυκον) Author: Theophilus of Antioch Date: c. 180 CE Edition: Sources Chrétiennes 20 (Bardy) Contents relevant to free will: Book II.27: Creation and Adamic freedom. Inte
argument_origen_witness_personality_anti_unilateral_amand1945__argument_origen_witness_platonism_influence_amand1945,argument,argument_origen_witness_personality_anti_unilateral_amand1945,Origène — Rejet des lectures unilatérales (Amand contra de Faye/Koch et contra Bardy),argument_origen_witness_platonism_influence_amand1945,Origène — Influence platonicienne réelle (Amand 1945),0.21,0.81,<=0.3,argument_origen_witness_personality_anti_unilateral_amand1945,description_token_overlap,Amand (p. 279) argues that the two extreme views of Origen are equally defective: (1) the view that reduces Origen’s Christianity to a mere instrument of Greek philosophy (Hal Koch assigns philosophy ,"Amand (p. 291-292): Plato more than anyone else exercised a profound influence. Bigg endorsed this in a celebrated book. Origen’s doctrine concerning God and the world is, for the most part, that of P"
scholarly_argument_irwin_1992_voluntarism_intellectualism_share_concept__scholarly_argument_voelke_stoic_reason_is_will,argument,scholarly_argument_irwin_1992_voluntarism_intellectualism_share_concept,Irwin: denying Greeks a concept of will because they are not voluntarists is a historical and philosophical mistake,scholarly_argument_voelke_stoic_reason_is_will,Voelke: in Stoic rationalism reason itself is will — against the thesis that Greek thought ignored the will,0.15,0.81,<=0.3,scholarly_argument_irwin_1992_voluntarism_intellectualism_share_concept,description_token_overlap,Irwin's closing diagnosis of the whole debate: critics who claim that Greek philosophers have no concept of the will may really mean only that the Greeks do not hold a voluntarist conception of the wi,Voelke opens against the frequently held thesis (Opstelten's special study; Pohlenz's claim that the Greeks recognised no volitional function distinct from the intellectual ones) that the philosophica
pub_bianchi_2020_heterodoxy_and_rational_theology_jean_le_clerc_and_origen__pub_bianchi_2024_heterodoxy_and_rational_theology,publication,pub_bianchi_2020_heterodoxy_and_rational_theology_jean_le_clerc_and_origen,Andrea Bianchi 2020 — Heterodoxy and rational theology : Jean Le Clerc and Origen,pub_bianchi_2024_heterodoxy_and_rational_theology,Andrea Bianchi 2024 — Heterodoxy and Rational Theology,0.76,0.8,0.7-0.9,pub_bianchi_2020_heterodoxy_and_rational_theology_jean_le_clerc_and_origen,description_token_overlap;label_token_overlap,"""Despite his controversial reputation, Origen of Alexandria (185-253) was very much present in 17th- century religious debates. His official condemnation by the Church was a stain on his theological a","Despite his controversial reputation, Origen of Alexandria (185–253) was very much present in 17th- century religious debates. His official condemnation by the Church was a stain on his theological an"
sc20_theophilus_ad_autolycum__work_theophilus_ad_autolycum_book2,work,sc20_theophilus_ad_autolycum,"Theophilus, Ad Autolycum",work_theophilus_ad_autolycum_book2,"Theophilus, Ad Autolycum Book 2",0.24,0.8,<=0.3,sc20_theophilus_ad_autolycum,description_token_overlap;label_token_overlap,"Theophilus of Antioch, *Ad Autolycum libri III* (Πρὸς Αὐτόλυκον). Composed c. 180-190 AD in Antioch, under the episcopate of Theophilus (the sixth bishop of Antioch according to Eusebius, *HE* IV.20).","Second book of Theophilus's three-book apologetic work addressed to pagan Autolycus. Contains pioneering articulation of νήπιος doctrine in chapters 25-28, arguing Adam existed as literal infant at cr"
argument_aristotles_voluntary_action_argument_eph_hemin_e5dd9188__argument_voluntary_involuntary_distinction_aristotle_g7h8i9j0,argument,argument_aristotles_voluntary_action_argument_eph_hemin_e5dd9188,Aristotle's Voluntary Action Argument (Eph' Hemin),argument_voluntary_involuntary_distinction_aristotle_g7h8i9j0,Voluntary/Involuntary Distinction Argument,0.89,0.79,0.7-0.9,argument_voluntary_involuntary_distinction_aristotle_g7h8i9j0,description_token_overlap;label_token_overlap,"In Nicomachean Ethics III.1-5 (1109b30-1115a3), Aristotle provides the foundational ancient analysis of voluntary (ἑκούσιον, hekousion) and involuntary (ἀκούσιον, akousion) action, establishing the co",The Voluntary/Involuntary Distinction Argument in Nicomachean Ethics III.1 establishes the foundational criteria for moral responsibility in ancient ethics. Aristotle argues that actions deserve prais
scholarly_argument_michon_interpretation_of_paul_s_ego_i_1__scholarly_argument_michon_the_will_in_sinful_man_first_r_2,argument,scholarly_argument_michon_interpretation_of_paul_s_ego_i_1,Michon: Thomas Aquinas adopts a double reading of Paul's 'ego': (i) Paul speaks in the p,scholarly_argument_michon_the_will_in_sinful_man_first_r_2,"Michon: In the first reading (man in sin), the sinner's reason consents to fleshly sugge",0.2,0.79,<=0.3,scholarly_argument_michon_the_will_in_sinful_man_first_r_2,description_token_overlap;label_token_overlap,"interpretation of Paul's ego in Romans 7 — Thomas Aquinas adopts a double reading of Paul's 'ego': (i) Paul speaks in the person of sinful man generally, and (ii) Paul speaks in his own person as a ma","the will in sinful man (first reading) — In the first reading (man in sin), the sinner's reason consents to fleshly suggestions, yielding to sin under the influence of prior sins; the sinner acts agai"
argument_alexander_witness2_envelope_amand1945__argument_carneadean_virtue_vice_amand1945,argument,argument_alexander_witness2_envelope_amand1945,Argument-cadre du témoin n°2 Alexandre De Fato 16-20 — enveloppe quinquépartite de la diatribe antifataliste,argument_carneadean_virtue_vice_amand1945,"Argument carnéadien III — Vertu et vice, louange et blâme sont sans objet (collapse of moral evaluation)",0.05,0.79,<=0.3,argument_carneadean_virtue_vice_amand1945,description_token_overlap;label_token_overlap,"General argumentative framework identified by Amand 1945 (p. 148, ll. 8481-8530) within Alexander’s De Fato 16-20. According to Amand, Alexander ""accumulates moral arguments against Chrysippus’ absolu","Third of the six argumentative headings reconstructed by Amand (1945, p. 576-577). Amand's formulation: ""Under the hypothesis of absolute fatalism, virtue and vice, praise and blame are useless, becau"
pub_frankfurt_1971_freedom_will_person__pub_hausmann_noller_2021_free_will_perspectives,publication,pub_frankfurt_1971_freedom_will_person,"Frankfurt, H. (1971). Freedom of the Will and the Concept of a Person. Journal of Philosophy 68(1): 5-20.",pub_hausmann_noller_2021_free_will_perspectives,"Hausmann, M. & Noller, J. (eds.) (2021). Free Will: Historical and Analytic Perspectives. Palgrave Macmillan.",0.08,0.79,<=0.3,pub_frankfurt_1971_freedom_will_person,description_token_overlap,"Foundational article by Harry G. Frankfurt (*Journal of Philosophy* 68/1, 1971, p. 5-20) introducing the distinction between first-order desires and second-order desires (second-order volitions) as a ","Collective volume edited by Marco Hausmann and Jörg Noller (Palgrave Macmillan 2021, xii+285 p.), bringing together contributions on free will that combine a historical perspective (Aristotle, the Sto"
work_origen_commentary_john__work_ps_clement_recognitiones,work,work_origen_commentary_john,"Origène, Commentaire sur Jean",work_ps_clement_recognitiones,"Pseudo-Clement, Recognitiones (Latin translation by Rufinus of Aquileia)",0.05,0.79,<=0.3,work_origen_commentary_john,description_token_overlap,"Origen's Commentary on the Gospel of John in 32 books, a major exegetical work begun around 230 in Alexandria and continued for several years in Caesarea. Partially preserved: books I, II, VI, X, XIII","Pseudo-Clementine Recognitiones, ten books, transmitted in the Latin translation of Rufinus of Aquileia (c. 406 CE). Original Greek lost (apart from quotations and Syriac fragments). Composed c. 220 —"
scholarly_argument_munier_free_will_and_determinism_in_j_0__scholarly_argument_munier_human_nature_and_salvation_in__1,argument,scholarly_argument_munier_free_will_and_determinism_in_j_0,Munier: The work is a comprehensive study of Justin's Apology that addresses theological,scholarly_argument_munier_human_nature_and_salvation_in__1,Munier: Munier discusses Justin's anthropology and soteriology in chapter IX.4 'L'homme ,0.8,0.78,0.7-0.9,scholarly_argument_munier_free_will_and_determinism_in_j_0,description_token_overlap;label_token_overlap,"Munier treats free will within ch. IX.4 'L'homme et son salut'. Moral responsibility and free will are closely interdependent in Justin, as in most Apologists; free will is a 'pièce maîtresse' of earl","Ch. IX.4 'L'homme et son salut' (pp. 114-127) opens with Justin's optimism about creation and, on the soul (immortal by grace, not by nature), quotes Puech: the soul must be rewarded according to its "
collection_aetius_placita__collection_dox_graeci_diels,source_collection,collection_aetius_placita,"Aétius, Placita Philosophorum",collection_dox_graeci_diels,"Diels, Doxographi Graeci",0.07,0.78,<=0.3,collection_aetius_placita,description_token_overlap,"Doxographical compilation attributed to Aetius (probably first–second century AD; Diels dated the Placita to around 100 AD), reconstructed by Hermann Diels (Doxographi Graeci, Berlin 1879) from Pseudo","Foundational edition by Hermann Diels (Berlin, Reimer 1879; repr. Berlin / de Gruyter 1965), reconstructing the Greek doxographical tradition through Quellenforschung: systematic comparison of Stobaeu"
scholarly_argument_brouwer_periodization_of_free_will_deb_0__scholarly_argument_engberg_pedersen_paul_s_world_view_as_both_jewi_1,argument,scholarly_argument_brouwer_periodization_of_free_will_deb_0,Brouwer: The early Imperial period (31 BCE–250 CE) is especially important for the develo,scholarly_argument_engberg_pedersen_paul_s_world_view_as_both_jewi_1,Engberg-Pedersen: Paul's Jewish 'apocalyptic' world-view can be more fully understood when recogni,0.43,0.78,0.3-0.7,scholarly_argument_brouwer_periodization_of_free_will_deb_0,description_token_overlap,"periodization of free will debate — The early Imperial period (31 BCE–250 CE) is especially important for the development of fate, providence and free will, beginning with Augustus' reign when the phi",Paul's world-view as both Jewish apocalyptic and Stoic philosophical — Paul's Jewish 'apocalyptic' world-view can be more fully understood when recognized as also spelled out in terms of Greco-Roman p
scholarly_argument_moore_pharisee_doctrine_on_fate_and__1__scholarly_argument_rousseau_irenaeus_s_own_position_on_fre_1,argument,scholarly_argument_moore_pharisee_doctrine_on_fate_and__1,Moore: Josephus presents inconsistent accounts: in Antiquities the Pharisees hold a mix,scholarly_argument_rousseau_irenaeus_s_own_position_on_fre_1,Rousseau: The edition presents Irenaeus's critique of Gnostic determinism as implying that,0.11,0.78,<=0.3,scholarly_argument_moore_pharisee_doctrine_on_fate_and__1,description_token_overlap,"Moore sets three Josephan accounts side by side: Ant. xiii.5.9 (some things the work of fate, some 'in men's own power'); War ii.8.14 (the Pharisees 'attribute everything to fate and to God', doing ri","SC 264 edits Book I, Irenaeus's exposition of the Valentinian, Marcosian and other systems; it contains no statement of Irenaeus's own doctrine of free will, which belongs to Book IV (IV,37-39) and to"
argument_chrysostom_antiastrological_demonic_amand1945__argument_chrysostom_hom_1tim_first_text_amand1945,argument,argument_chrysostom_antiastrological_demonic_amand1945,Chrysostome — argument démonique contre l'astrologie populaire,argument_chrysostom_hom_1tim_first_text_amand1945,Chrysostome Hom. 1 Tim 1.3 — premier texte antifataliste,0.12,0.77,<=0.3,argument_chrysostom_antiastrological_demonic_amand1945,description_token_overlap;label_token_overlap,"Chrysostom’s recurrent argument against Christians’ belief in heimarmene and astrological genesis, testifying to the persistence of fatalistic superstition among his Antiochene and subsequently Consta","Antifatalist argument cited by Amand 1945 (Book II ch. XII §IV.1, p. 509-510) as the 'first text' in the Chrysostom dossier. Source: Hom. 1 Tim 1.3 (PG 62, 507 l.45-56). The preacher develops a reduct"
argument_alexander_witness2_envelope_amand1945__argument_carneadean_action_futility_amand1945,argument,argument_alexander_witness2_envelope_amand1945,Argument-cadre du témoin n°2 Alexandre De Fato 16-20 — enveloppe quinquépartite de la diatribe antifataliste,argument_carneadean_action_futility_amand1945,Argument carnéadien V — Toute action humaine devient inutile ; on négligera vertu et effort (futility of all action),0.05,0.77,<=0.3,argument_carneadean_action_futility_amand1945,description_token_overlap;label_token_overlap,"General argumentative framework identified by Amand 1945 (p. 148, ll. 8481-8530) within Alexander’s De Fato 16-20. According to Amand, Alexander ""accumulates moral arguments against Chrysippus’ absolu","Fifth of the six argumentative headings reconstructed by Amand (1945, p. 578-580). Amand's formulation: ""If astrological fatalism is true, every action, whether moral or not, becomes useless, and virt"
argument_origen_witness_carneadean_transposition_envelope_amand1945__argument_origen_witness_carneades_transposition_theological_consequences_amand1945,argument,argument_origen_witness_carneadean_transposition_envelope_amand1945,Origène — Transposition théologique des arguments moraux de Carnéade (Amand 1945 Livre II Ch. V §IV),argument_origen_witness_carneades_transposition_theological_consequences_amand1945,"Origène (transposant Carnéade) — Conséquences théologiques : vanité du Christ, des Apôtres, de l'Économie (Amand 1945)",0.26,0.77,<=0.3,argument_origen_witness_carneadean_transposition_envelope_amand1945,description_token_overlap;label_token_overlap,"Argumentative framework: Amand devotes §IV (p. 318-325) to Origen's use of Carneades' anti-fatalist moral argumentation. It is the first two sections of chapter 23 of the Philocalia (Phil. 23.1-2, Rob","Amand (p. 321): Origen then develops the series of theological, impious, and blasphemous consequences of astrological fatalism (Phil. 23.1, Robinson p. 188,5-16). Text cited by Amand: “Christian faith"
pub_hall_2018_origen_and_prophecy__scholarly_work_hall_2021_origen_and_prophecy_fate_authority_alleg,publication,pub_hall_2018_origen_and_prophecy,C Hall 2018 — Origen and prophecy,scholarly_work_hall_2021_origen_and_prophecy_fate_authority_alleg,"Hall 2021 — Origen and Prophecy: Fate, Authority, Allegory, and the Structure of Scripture",0.22,0.77,<=0.3,scholarly_work_hall_2021_origen_and_prophecy_fate_authority_alleg,description_token_overlap;label_token_overlap,"<p>This thesis is an attempt to understand prophecy in the thought of Origen of Alexandria.</p> <p>There is no speculative theological work of Origen (or, indeed, of any other Church writer of his per","Origen and Prophecy: Fate, Authority, Allegory, and the Structure of Scripture"
argument_boethian_solution_divine_eternity_k1l2m3n4__argument_boethius_modes_cognition,argument,argument_boethian_solution_divine_eternity_k1l2m3n4,Boethian Solution: Divine Timeless Eternity,argument_boethius_modes_cognition,Boethius's Modes of Cognition Argument (Consolation V.pr.4-5),0.71,0.77,0.7-0.9,argument_boethian_solution_divine_eternity_k1l2m3n4,description_token_overlap,"Boethius's solution to the problem of divine foreknowledge and human freedom, presented in Consolation of Philosophy V. The argument proceeds in four steps: (1) V.pr.3 states the problem — if God fore","**Primary source**: Boethius, *Consolation of Philosophy* V.pr.4-5 (CCSL 94, Bieler, 1957/1984; ed. Moreschini, Bibliotheca Teubneriana, 2000/2005).
**Premise 1**: Knowledge is determined by the mode "
work_chrysostom_hom_romans__work_epicurus_letter_menoeceus,work,work_chrysostom_hom_romans,"John Chrysostom, Homiliae in Epistulam ad Romanos (Homilies on Romans)",work_epicurus_letter_menoeceus,Letter to Menoeceus (Epistula ad Menoeceum),0.25,0.77,<=0.3,work_epicurus_letter_menoeceus,description_token_overlap,"John Chrysostom's series of 32 homilies on Paul's Epistle to the Romans (PG 60, 391–682), delivered at Antioch between c. 391 and c. 397 CE while Chrysostom was still presbyter under bishop Flavian. T","Epicurus's summary of his ethics, preserved in Diogenes Laertius X.122-135. Contains the passage on fate and chance: it were better to follow the myths about the gods than to become a slave to the des"
scholarly_argument_still_paul_as_apologist_0__scholarly_argument_still_paul_s_role_as_apologist_and_d_0,argument,scholarly_argument_still_paul_as_apologist_0,"Still: Raises the question of whether Paul should be considered an apologist, framing i",scholarly_argument_still_paul_s_role_as_apologist_and_d_0,"Still: The volume explores how early Christian apologists engaged with Paul's writings,",0.85,0.76,0.7-0.9,scholarly_argument_still_paul_s_role_as_apologist_and_d_0,description_token_overlap;label_token_overlap,"Still (Afterword, pp. 291-292) returns to Wilhite's question whether Paul may be considered an apologist. Paul offers no general defence of Christians against outsiders' accusations as later apologist","The Apologists and Paul (eds Still & Wilhite, 2024). Wilhite's Introduction (pp. 1-20) treats 'apologist' as an unstable, pragmatic, catch-all category, and asks whether Paul himself might be consider"
synthesis_epict_eph_hemin_doctrine__synthesis_epict_thematic_index,synthesis,synthesis_epict_eph_hemin_doctrine,Epictetus: τὸ ἐφ' ἡμῖν - Complete Doctrine Synthesis (185 Passages),synthesis_epict_thematic_index,Epictetus ἐφ' ἡμῖν Doctrine: Thematic Index,0.39,0.76,0.3-0.7,synthesis_epict_eph_hemin_doctrine,description_token_overlap;label_token_overlap,"[EPICTETUS ON τὸ ἐφ' ἡμῖν - WHAT IS UP TO US] Comprehensive synthesis of 185 analyzed passages from Discourses, Enchiridion, and Fragments. I. THE fundamental DICHOTOMY τῶν ὄντων τὰ μέν ἐστιν ἐφ' ἡμῖν","[THEMATIC INDEX FOR EPICTETUS ἐφ' ἡμῖν passages]

═══ DICHOTOMY OF control ═══
Foundational: 1, 14, 40, 151
Development: 3, 7, 13, 30
Applications: 164-165, 167

═══ prohairesis ═══
Definition: 14, 30"
scholarly_argument_gibbons_pauline_anthropology_preserves_conflicting_motivations__scholarly_argument_helm_libertarian_free_will_3,argument,scholarly_argument_gibbons_pauline_anthropology_preserves_conflicting_motivations,Gibbons: Pauline anthropology preserves conflicting motivations without making choice indeterminate,scholarly_argument_helm_libertarian_free_will_3,Helm: Argues that compatibilist theism is in no better or worse moral case than free-w,0.25,0.76,<=0.3,scholarly_argument_gibbons_pauline_anthropology_preserves_conflicting_motivations,description_token_overlap,"Gibbons argues that Origen's Pauline anthropology supplies the motivational architecture for universal revisability. The soul stands between spirit and flesh, so better spiritual desires and worse bod","libertarian free will — Argues that compatibilist theism is in no better or worse moral case than free-will theism (libertarian varieties). If God is compromised as author of evil under compatibilism,"
argument_voluntary_involuntary_distinction_aristotle_g7h8i9j0__scholarly_argument_karavites_law_trains_choice_without_compulsion,argument,argument_voluntary_involuntary_distinction_aristotle_g7h8i9j0,Voluntary/Involuntary Distinction Argument,scholarly_argument_karavites_law_trains_choice_without_compulsion,Karavites: the Law trains free choice without replacing it,0.11,0.76,<=0.3,argument_voluntary_involuntary_distinction_aristotle_g7h8i9j0,description_token_overlap,The Voluntary/Involuntary Distinction Argument in Nicomachean Ethics III.1 establishes the foundational criteria for moral responsibility in ancient ethics. Aristotle argues that actions deserve prais,"The Law states and teaches the good, prepares for Christ, and provides criteria for praise and blame, but the decision to follow it remains the agent's. Karavites presents this pedagogy as guidance of"
argument_frede_2011_epictetus_first_free_will__scholarly_argument_frede_epictetus_and_free_will_3,argument,argument_frede_2011_epictetus_first_free_will,Épictète articule la première notion effective de libre arbitre (Frede 2011),scholarly_argument_frede_epictetus_and_free_will_3,"Frede: Epictetus is the key figure in whom the earlier Stoic theory of assent, enriched",0.77,0.76,0.7-0.9,argument_frede_2011_epictetus_first_free_will,description_token_overlap,Central thesis of the book. Frede 2011 ch. 5 §2 (p. 76-85). Premises: (P1) the term autexousion appears twice in Musonius and then frequently in Epictetus and denotes freedom; (P2) Epictetus places pr,"Frede locates in Epictetus 'the first time that we have any notion of a will' (p. 46): what is up to us is how we deal with our impressions, assent being only one such thing; prohairesis, which define"
argument_wildberg_2014_simplicius_neoplatonist_reading_epictetus_prohairesis_not_free_will__scholarly_argument_chamberlain_prohairesis_explains_akrasia_children,argument,argument_wildberg_2014_simplicius_neoplatonist_reading_epictetus_prohairesis_not_free_will,Wildberg 2014 — Simplicius's Neoplatonist reading of Epictetan prohairesis (not yet free will),scholarly_argument_chamberlain_prohairesis_explains_akrasia_children,"Chamberlain: the process reading explains akrasia, the exclusion of children and animals, and the ban on the impossible",0.31,0.75,0.3-0.7,argument_wildberg_2014_simplicius_neoplatonist_reading_epictetus_prohairesis_not_free_will,description_token_overlap;label_token_overlap,"Christian Wildberg's scholarly argument, « The will and its freedom: Epictetus and Simplicius on what is up to us », the 21st contribution to the volume Destrée–Salles–Zingano 2014 (p. 329-349): two t",Chamberlain tests his process/commitment reading against NE 3.2 and EE 2.10 and argues it smooths the passages that embarrass the translation 'choice': children and animals share in hairesis but not p
synthesis_furst2022_imperial_freedom_debate__synthesis_furst2022_philo_alexandria_pivot,synthesis,synthesis_furst2022_imperial_freedom_debate,The omnipresence of the debate on freedom in the Imperial period (Fürst 2022),synthesis_furst2022_philo_alexandria_pivot,Philon d'Alexandrie = maillon décisif vers le christianisme primitif (Fürst 2022),0.22,0.75,<=0.3,synthesis_furst2022_imperial_freedom_debate,description_token_overlap;label_token_overlap,"Fürst 2022, Kap. III (p. 101-138): the debate on self-determination became virtually ubiquitous in the intellectual culture of the imperial period (1st-3rd c. AD). Preserved sources: Epictetus (Discou","Fürst 2022, Kap. IV 1 (p. 141-149): Philo of Alexandria (30/40 AD) is the decisive link between Hellenistic philosophy and early Christian thought on freedom. Three major innovations in his treatise Q"
argument_non_necessity_nature_alex__argument_socrates_zopyrus_alex,argument,argument_non_necessity_nature_alex,"Alexander's ""For the Most Part"" Argument",argument_socrates_zopyrus_alex,Socrates-Zopyrus Argument for Transcending Nature,0.17,0.75,<=0.3,argument_non_necessity_nature_alex,description_token_overlap,"Alexandrian argument (De Fato ch. 6 (Bruns 169-172)): Natural processes (and thus fate) happen ""for the most part"" (ὡς ἐπὶ τὸ πλεῖστον), NOT by necessity (ἐξ ἀνάγκης). There is genuine room for the ""c","Alexandrian argument (De fato 6, ed. Bruns p. 171): The physiognomist Zopyrus read Socrates' natural constitution and predicted vicious character. Socrates' companions laughed, but Socrates confirmed "
scholarly_argument_klawans_2012_josephus_own_compatibilism_providence_always_fate_at_times__scholarly_argument_skarsaune_divine_foreknowledge_and_proph_2,argument,scholarly_argument_klawans_2012_josephus_own_compatibilism_providence_always_fate_at_times,"Josephus's own view: 'Providence always, fate at times' (Klawans 2012)",scholarly_argument_skarsaune_divine_foreknowledge_and_proph_2,Skarsaune: Justin's proof-from-prophecy method demonstrates that prophetic texts were under,0.87,0.75,0.7-0.9,scholarly_argument_klawans_2012_josephus_own_compatibilism_providence_always_fate_at_times,description_token_overlap,"Klawans reconstructs Josephus's personal position (consistent with his Life-claim to follow the Pharisees) as a partial determinism summed up by the catchphrase 'Providence always, fate at times'. Evi","Skarsaune: the Christological testimonies of the 'kerygma' source 'express a Christology which focuses on Christ as the one who fulfils OT Messianic prophecies', with the two-parousias pattern safegua"
pub_furst_2019_origen_of_alexandria_christian_philosophy_of_freedom__pub_szram_2004_koscio_jako_rzeczywistosc_wieczna_doktrynie_orygenesa,publication,pub_furst_2019_origen_of_alexandria_christian_philosophy_of_freedom,Alfons Fürst 2019 — Origen of Alexandria: Christian Philosophy of Freedom,pub_szram_2004_koscio_jako_rzeczywistosc_wieczna_doktrynie_orygenesa,Mariusz Szram 2004 — Kościół jako rzeczywistość wieczna w doktrynie Orygenesa,0.04,0.75,<=0.3,pub_furst_2019_origen_of_alexandria_christian_philosophy_of_freedom,description_token_overlap,"Abstract Origen of Alexandria (185–253/54) is the founder of the Christian philosophy of freedom. Drawing on both the philological and philosophical heritage of Hellenistic and Roman culture, he inven","In Origens theological research, the term Church has a very wide meaning, which conveys the framework of the earthly religious institution and the community of believers. In its fundamental sense, "
argument_origen_argos_logos__argument_origen_witness_diss_argos_logos_refutation_amand1945,argument,argument_origen_argos_logos,Origen's Refutation of the Argos Logos (Lazy Argument),argument_origen_witness_diss_argos_logos_refutation_amand1945,Origène — Réfutation de l'Argos Logos via prophéties Judas/Œdipe (Amand 1945),0.77,0.74,0.7-0.9,argument_origen_argos_logos,description_token_overlap;label_token_overlap,"**Source primaire** : Origène, *Contra Celsum* II.20 (SC 132, Borret, 1967) ; transmis aussi dans *Philocalie* 23.
**Prémisse 1** : Si tout est fatalement déterminé, l'effort humain (πρᾶξις) est super","Amand (p. 311): The compilers of the Philocalia appended to the discussion of foreknowledge a copious quotation from Contra Celsum II.20 (sections 12-13 of Philocalia 23, Robinson p. 199-201). There O"
concept_apotelesmatic_0y5z7b43__concept_genethlialogia_9x4y6a32,concept,concept_apotelesmatic_0y5z7b43,Apotelesmatic Astrology,concept_genethlialogia_9x4y6a32,Natal Astrology (Genethlialogia),0.05,0.74,<=0.3,concept_genethlialogia_9x4y6a32,description_token_overlap;label_token_overlap,Broader term for the astrological system that claims to derive concrete predictions about earthly events from celestial positions. Closely related to genethlialogia but encompasses all forms of astrol,"Central to Hellenistic astrology. Requires precise determination of birth moment to calculate positions of Sun, Moon, planets, and zodiacal signs. Astrologers claimed to predict personality, career, m"
synthesis_amand1945_chrysostom_carneadean_paradox__synthesis_amand1945_pseudo_chrysostom_witness6_status,synthesis,synthesis_amand1945_chrysostom_carneadean_paradox,"Amand 1945 — paradoxe Chrysostome: hellénisme nul, transmission carnéadienne maximale",synthesis_amand1945_pseudo_chrysostom_witness6_status,Amand 1945 — statut du témoin n°6 Pseudo-Chrysostome,0.16,0.74,<=0.3,synthesis_amand1945_chrysostom_carneadean_paradox,description_token_overlap;label_token_overlap,"Amand 1945 synthesis (Book II ch. XII, p. 480-532) on John Chrysostom’s constitutive paradox in the Carneadean transmission. According to Amand, following Puech, Chrysostom is perhaps the most detache","Amand 1945 synthesis (Book II ch. XII p. 504-510, 525-532) on the attribution and status of the Discours sur le Destin et la Providence V (PG 50, 765-768) as witness no. 6 in the Carneadean reconstruc"
pub_bobzien_2021_determinism_freedom_essays__scholarly_work_bobzien_1998_determinism_and_freedom_in_stoic_philoso,publication,pub_bobzien_2021_determinism_freedom_essays,"Bobzien 2021 — Determinism, Freedom, and Moral Responsibility: Essays in Ancient Philosophy",scholarly_work_bobzien_1998_determinism_and_freedom_in_stoic_philoso,Bobzien 1998/2001 — Determinism and Freedom in Stoic Philosophy,0.06,0.74,<=0.3,scholarly_work_bobzien_1998_determinism_and_freedom_in_stoic_philoso,label_token_overlap,"Susanne Bobzien, *Determinism, Freedom, and Moral Responsibility: Essays in Ancient Philosophy*, Oxford: OUP, 2021, xvi + 323 p., ISBN 978-0-19-886673-2. Collection of 9 essays published between 1997 ",Determinism and Freedom in Stoic Philosophy
argument_alexander_witness2_envelope_amand1945__argument_carneadean_providence_mantike_alexander_amand1945,argument,argument_alexander_witness2_envelope_amand1945,Argument-cadre du témoin n°2 Alexandre De Fato 16-20 — enveloppe quinquépartite de la diatribe antifataliste,argument_carneadean_providence_mantike_alexander_amand1945,Carneadean supplementary argument — Abolition of the providence of the gods and of divination (Alexander §17),0.13,0.73,<=0.3,argument_alexander_witness2_envelope_amand1945,description_token_overlap;label_token_overlap,"General argumentative framework identified by Amand 1945 (p. 148, ll. 8481-8530) within Alexander’s De Fato 16-20. According to Amand, Alexander ""accumulates moral arguments against Chrysippus’ absolu","Supplementary argument to argument VI (the destruction of piety), reconstructed by Amand (1945, p. 584-585) on the exclusive testimony of Alexander of Aphrodisias (Περὶ εἱμαρμένης 17). According to Am"
argument_alexander_witness2_ch19_de_facto_punishment_amand1945__argument_carneadean_stoic_pragmatic_punishment_amand1945,argument,argument_alexander_witness2_ch19_de_facto_punishment_amand1945,Witness no. 2 (Alexander De Fato 19) — Fifth argument: the Stoics’ actual punishment of criminals,argument_carneadean_stoic_pragmatic_punishment_amand1945,Carneadean Argument — The Stoics Do in Fact Punish Criminals (Alexander §19),0.84,0.73,0.7-0.9,argument_carneadean_stoic_pragmatic_punishment_amand1945,description_token_overlap;label_token_overlap,"Fifth anti-fatalist moral argument reconstructed in Alexander De Fato 19 (Bruns p. 189 l. 25 — p. 190 l. 30) by Amand 1945 (analysis p. 147-148, Greek text p. 152-154). The Stoics acknowledge in pract","Additional argument reconstructed by Amand (1945, p. 585-586) on the sole testimony of Alexander of Aphrodisias (Περὶ εἱμαρμένης 19, 5e argument). Statement: “The Stoics virtually acknowledge our free"
argument_bobzien_2001_b1_chrysippean_modal_system__scholarly_argument_bobzien_stoic_modal_logic_and_continge_2,argument,argument_bobzien_2001_b1_chrysippean_modal_system,Bobzien 2001 — Chrysippe construit un systeme modal preservant la contingence,scholarly_argument_bobzien_stoic_modal_logic_and_continge_2,Bobzien: Chrysippus developed a modal system that allows for contingency within determini,0.76,0.73,0.7-0.9,argument_bobzien_2001_b1_chrysippean_modal_system,description_token_overlap;label_token_overlap,"Bobzien 2001 §3.1.4 (p. 112-122) + §3.4 (p. 136-143) reconstruction of the Chrysippean modal system. Definitions: (1) the possible = that which admits truth, encountering no external obstacle to its r",Chrysippus' modal system preserves counterfactual possibilities and hence contingency within his determinism (§3.1). Against the charge that 'everything is fated' plus 'fate is Necessity' yields 'ever
scholarly_argument_brand_genre_determines_free_will_view__scholarly_argument_brand_prayer_genre_sin_inevitable,argument,scholarly_argument_brand_genre_determines_free_will_view,"Brand: a Second Temple text's view of free will correlates with its genre, not a single 'Qumran theology'",scholarly_argument_brand_prayer_genre_sin_inevitable,Brand: the prayer genre presents sin as innate and inevitable absent divine assistance,0.21,0.73,<=0.3,scholarly_argument_brand_genre_determines_free_will_view,description_token_overlap;label_token_overlap,"Brand's organizing thesis. Against the trend to harmonize a single deterministic 'Qumran theology' of sin, she shows that Second Temple texts (including those at Qumran) display unremarked variability","Brand argues that the experience of prayer itself shapes a near-deterministic view of sin: confronting God's exaltedness, petitioners express helplessness and an acknowledgement that their desire to s"
argument_alexander_witness2_envelope_amand1945__argument_carneadean_incentives_amand1945,argument,argument_alexander_witness2_envelope_amand1945,Argument-cadre du témoin n°2 Alexandre De Fato 16-20 — enveloppe quinquépartite de la diatribe antifataliste,argument_carneadean_incentives_amand1945,"Argument carnéadien IV — Encouragements, récompenses, réprimandes et châtiments sont sans objet (futility of incentives)",0.05,0.73,<=0.3,argument_carneadean_incentives_amand1945,description_token_overlap;label_token_overlap,"General argumentative framework identified by Amand 1945 (p. 148, ll. 8481-8530) within Alexander’s De Fato 16-20. According to Amand, Alexander ""accumulates moral arguments against Chrysippus’ absolu","Fourth of the six argumentative headings reconstructed by Amand (1945, p. 577-578). Amand’s formulation: « Under the hypothesis of absolute fatalism, encouragements and rewards, reproaches, reprimands"
synthesis_amand1945_intro_astrologers_pragmatic_responses__synthesis_amand1945_tatian_no_carneadean_link,synthesis,synthesis_amand1945_intro_astrologers_pragmatic_responses,Réponses pragmatiques des astrologues à Carnéade (Amand 1945),synthesis_amand1945_tatian_no_carneadean_link,Tatien = sans dependance directe ou indirecte de Carneade (Amand 1945),0.11,0.73,<=0.3,synthesis_amand1945_intro_astrologers_pragmatic_responses,description_token_overlap;label_token_overlap,"Amand 1945's thesis (Introduction §I.VII, p. 16-18): faced with Carneades' anti-fatalist moral argumentation, which was opposed to them for centuries by Neo-Academics, Peripatetics, Epicureans, Skepti","Synthesis Amand 1945, Book II ch. I Supplementary Note (p. 208-211): Tatian’s anti-astrological polemic (Discours aux Grecs ch. 7-11) is not connected with the Carneadean tradition. Tatian, whose 'vio"
sc268_origenes_peri_archon__work_origen_philocalia,work,sc268_origenes_peri_archon,"Origenes, De Principiis (Excerpta graeca)",work_origen_philocalia,Philocalia (Φιλοκαλία Ὠριγένους),0.19,0.73,<=0.3,work_origen_philocalia,description_token_overlap,"Origen of Alexandria (c. 185-253 CE), Peri Archon III (De Principiis III). Greek excerpts preserved in the Philocalia (ch. 21), covering Book III which is the most sustained ancient Christian treatmen","Anthology of excerpts from Origen's works, compiled c. 358-359 CE by Basil of Caesarea and Gregory of Nazianzus. Critically important for preserving Greek text of De Principiis III.1 (On Free Will), w"
synthesis_amand1945_arian_job_witness_carneadean_pity_argument__synthesis_amand1945_basil_only_two_carneadean_topoi,synthesis,synthesis_amand1945_arian_job_witness_carneadean_pity_argument,Commentateur arien de Job = temoin du topos carnéadien (pardon des criminels) (Amand 1945),synthesis_amand1945_basil_only_two_carneadean_topoi,Amand 1945: Basil deploys only two explicit Carneadean topoi (Hex VI.7),0.53,0.73,0.3-0.7,synthesis_amand1945_arian_job_witness_carneadean_pity_argument,description_token_overlap,"Synthesis Amand 1945, Book II ch. XIII (p. 533-548): the anti-astrological digression of the anonymous Arian commentator on Job 38, 7 contains eleven arguments, at least three of which bear the Carnea","Amand's synthesis: Basil does not reproduce or summarize the entirety of Carneades' argumentation. He elaborates only two explicit topoï: (a) the uselessness of legislation, courts, and the efforts of"
argument_carneadean_anti_mantike_amand1945__argument_carneadean_general_theme_amand1945,argument,argument_carneadean_anti_mantike_amand1945,"Argument carnéadien anti-mantique général (refutation de la μαντική, ch. II §IV)",argument_carneadean_general_theme_amand1945,Argument carnéadien I — Thème général : le fatalisme bouleverse la vie morale (general moral collapse),0.53,0.73,0.3-0.7,argument_carneadean_general_theme_amand1945,label_token_overlap,"General anti-divinatory argument reconstructed by Amand in Carneades (1945, p. 46-49, Intro §II ch. II §IV). In accordance with Amand's polemical plan, this argument constitutes the general framework ","First of the six argumentative headings reconstructed by Dom David Amand de Mendieta (1945, p. 573-574). Framing argument: ""The logical consequence of the denial of free will and the acceptance of abs"
scholarly_argument_rousseau_editorial_methodology_on_deter_3__scholarly_argument_rousseau_free_will_in_irenaeus_0,argument,scholarly_argument_rousseau_editorial_methodology_on_deter_3,Rousseau: Rousseau's critical edition carefully distinguishes Irenaeus's own voice from hi,scholarly_argument_rousseau_free_will_in_irenaeus_0,Rousseau: This is a critical edition with French translation of Irenaeus' Adversus Haerese,0.69,0.72,0.3-0.7,scholarly_argument_rousseau_editorial_methodology_on_deter_3,description_token_overlap;label_token_overlap,"Rousseau and Doutreleau's SC 264 (Livre I, text and translation) provides a critical Latin text with Greek fragments, a French translation and an apparatus whose sigla (p. 9) designate the Latin manus","free will in Irenaeus — This is a critical edition with French translation of Irenaeus' Adversus Haereses Book V, not a secondary study; the editor Rousseau does not explicitly advance interpretive po"
argument_necessitarian_argument_42a52b1b__argument_spinozan_necessitarianism_9u3p4q02,argument,argument_necessitarian_argument_42a52b1b,Necessitarian Argument,argument_spinozan_necessitarianism_9u3p4q02,Spinoza's Necessitarian Argument,0.34,0.72,0.3-0.7,argument_necessitarian_argument_42a52b1b,description_token_overlap;label_token_overlap,"The necessitarian argument denies libertarian free will and holds that all events, including human choices, follow necessarily from prior causes according to natural laws. Freedom is redefined as acti","Spinoza's argument that everything follows necessarily from God's nature; traditional free will is illusion. Freedom = self-determination through adequate knowledge, not arbitrary choice. The free per"
sc10bis_ignatius_ad_smyrnaeos__sc10bis_ignatius_ad_trallianos,work,sc10bis_ignatius_ad_smyrnaeos,"Ignatius, Ad Smyrnaeos",sc10bis_ignatius_ad_trallianos,"Ignatius, Ad Trallianos",0.25,0.72,<=0.3,sc10bis_ignatius_ad_trallianos,description_token_overlap;label_token_overlap,"Letter to the Smyrnaeans (Epistula ad Smyrnaeos), written by Ignatius of Antioch c. 110-117 CE while en route to martyrdom in Rome, addressed to the Christian community at Smyrna in Roman Asia. The le","Ignatius of Antioch (c. 35-117 CE), Epistula ad Trallianos (Πρὸς Τραλλιανούς). One of the seven authentic middle-recension letters, written from Smyrna en route to martyrdom in Rome. The letter addres"
scholarly_argument_frick_divine_providence_and_moral_re_0__scholarly_argument_frick_rejection_of_astral_fatalism_2,argument,scholarly_argument_frick_divine_providence_and_moral_re_0,Frick: Philo rejects astral fatalism because it renders absurd the notion of moral resp,scholarly_argument_frick_rejection_of_astral_fatalism_2,Frick: Philo rejects astral fatalism's assumptions: the divinity of stars and moral det,0.27,0.72,<=0.3,scholarly_argument_frick_divine_providence_and_moral_re_0,label_token_overlap,Faithful as written; only the page of the quote_verbatim is wrong.,rejection of astral fatalism — Philo rejects astral fatalism's assumptions: the divinity of stars and moral determinism; stars cannot be transcendent as God and thus lack causal influence over human l
argument_basil_carneadean_hex_vi_7_christian_hopes_destroyed__argument_basil_carneadean_hex_vi_7_laws_useless,argument,argument_basil_carneadean_hex_vi_7_christian_hopes_destroyed,Basil Hex VI.7: Carneadean topos — Christian hopes destroyed by heimarmene,argument_basil_carneadean_hex_vi_7_laws_useless,"Basil Hex VI.7: Carneadean topos — Legislators, judges, craftsmen useless under heimarmene",0.5,0.71,0.3-0.7,argument_basil_carneadean_hex_vi_7_laws_useless,description_token_overlap;label_token_overlap,"Second explicit Carneadean topos + Christian adaptation, Basil Hex VI.7 (PG 29.133BC): 'Our great hopes as Christians vanish (αἱ δὲ μεγάλαι τῶν χριστιανῶν ἐλπίδες φροῦδαι ἡμῖν οἰχήσονται), since there","First explicit Carneadean topos in Basil Hex VI.7 (PG 29.133BC): if the principles of our actions do not depend on our free will, but on the fatal necessities of birth, then 'lawgivers who prescribe w"
scholarly_argument_still_paul_s_role_as_apologist_and_d_0__scholarly_argument_still_pauline_reception_in_early_chr_1,argument,scholarly_argument_still_paul_s_role_as_apologist_and_d_0,"Still: The volume explores how early Christian apologists engaged with Paul's writings,",scholarly_argument_still_pauline_reception_in_early_chr_1,Still: The volume as a whole examines how second- to early-fourth-century Christian apologists (Ar,0.79,0.71,0.7-0.9,scholarly_argument_still_pauline_reception_in_early_chr_1,description_token_overlap;label_token_overlap,"The Apologists and Paul (eds Still & Wilhite, 2024). Wilhite's Introduction (pp. 1-20) treats 'apologist' as an unstable, pragmatic, catch-all category, and asks whether Paul himself might be consider","Edited volume (Still & Wilhite, 2024; 15 contributors) on Paul's reception among writers grouped, pragmatically, as apologists: Aristides, Justin, Tatian, Athenagoras and Pseudo-Athenagoras, Melito, A"
scholarly_argument_maston_divine_human_agency_in_second__0__scholarly_argument_maston_free_will_and_determinism_in_s_1,argument,scholarly_argument_maston_divine_human_agency_in_second__0,Maston: Argues that Jewish texts from the Second Temple period exhibit diverse models of,scholarly_argument_maston_free_will_and_determinism_in_s_1,Maston: Maintains that Sirach presents humans as genuinely free and capable of obeying T,0.33,0.71,0.3-0.7,scholarly_argument_maston_divine_human_agency_in_second__0,description_token_overlap;label_token_overlap,"divine-human agency in Second Temple Judaism — Argues that Jewish texts from the Second Temple period exhibit diverse models of divine-human agency, not a single uniform pattern. Sirach represents a '",free will and determinism in Sirach — Maintains that Sirach presents humans as genuinely free and capable of obeying Torah. Wisdom is available through human effort and endurance. Divine providence op
synthesis_aug_superbia__synthesis_aug_theodicy_complete,synthesis,synthesis_aug_superbia,Augustine: Pride (Superbia) as Root of All Sin (De Libero Arbitrio 3.25.76),synthesis_aug_theodicy_complete,Augustine: Complete Theodicy of De Libero Arbitrio (Summary),0.12,0.71,<=0.3,synthesis_aug_theodicy_complete,description_token_overlap;label_token_overlap,"pride AS THE origin OF EVIL Augustine identifies SUPERBIA (pride) as the ultimate root of all sin, explaining even the devil's fall. KEY Passage: 3.25.76 (passage_aug_lib_arb_3_25_76): ""Initium omnis ",THE COMPLETE THEODICY OF DE Libero Arbitrio Augustine's three-book dialogue provides a comprehensive answer to the problem of evil that defended Christianity against Manichean dualism. THE MANICHEAN C
argument_bobzien_2001_b1_cylinder_in_later_fate_theory__argument_bobzien_2001_b1_philopator_late_compatibilism,argument,argument_bobzien_2001_b1_cylinder_in_later_fate_theory,Bobzien 2001 — Reprise of the cylinder analogy in the later theory of fate (§8.6),argument_bobzien_2001_b1_philopator_late_compatibilism,Bobzien 2001 — PHILOPATOR : compatibilisme stoicien tardif raffine (Ch. 8),0.37,0.71,0.3-0.7,argument_bobzien_2001_b1_philopator_late_compatibilism,description_token_overlap,Bobzien 2001 §8.6 (p. 394-396) argument: the Chrysippean analogy of the cylinder is taken up and systematized in late Stoic theory (PHILOPATOR + sources preserved by Nemesius). This late reprise: (1) ,Bobzien 2001 ch. 8 (p. 358-412): reconstruction of a late Stoic compatibilist theory (1st-2nd century CE) conventionally attributed to 'PHILOPATOR'. Innovations: (1) refined causal principle — same ca
argument_carneadean_piety_amand1945__argument_firmicus_witness3_religion_useless_amand1945,argument,argument_carneadean_piety_amand1945,Carneadean Argument VI — Absolute fatalism ruins piety and religion (ruin of piety),argument_firmicus_witness3_religion_useless_amand1945,"Témoin n°3 (Firmicus Math I, 2, 8-9) — Deuxième argument : mépris des dieux et inutilité des rites",0.22,0.71,<=0.3,argument_carneadean_piety_amand1945,description_token_overlap,"Sixth of the six argumentative titles reconstructed by Amand (1945, p. 580-581). Amand's formulation: ""Absolute fatalism undermines piety towards the Divinity, inspires contempt for the gods, and logi","Second anti-fatalist moral argument reconstructed in Firmicus Mathesis I, 2, 8-9 (Kroll-Skutsch I p. 8) by Amand 1945 (analysis p. 186, Latin text p. 187). Logical conclusion of astrological fatalism:"
argument_origen_anti_astrological__scholarly_argument_sytsma_providence_is_saving_grace,argument,argument_origen_anti_astrological,Origen's Anti-Astrological Argument for Free Will,scholarly_argument_sytsma_providence_is_saving_grace,"Sytsma: in Origen divine providence IS saving grace (pronoia/oikonomia = charis), strengthening the 'grace' side of grace-vs-free-will",0.76,0.71,0.7-0.9,argument_origen_anti_astrological,description_token_overlap,"Origen argues against astrological determinism in the Commentary on Genesis III (fragments in Philocalia ch. 23): (1) Stars are signs (σημεῖα), not causes (αἰτίαι) — Genesis 1:14 says God made luminar","Sytsma argues (confirming Drewery and citing Koch's pronoia/paideusis) that for Origen divine providence is essentially identical with saving grace: every providential act — reward, punishment, teachi"
pub_byerly_2017_freewill_theodicies_theological_determinists__pub_harrison_2006_rethinking_augustines_early_theology,publication,pub_byerly_2017_freewill_theodicies_theological_determinists,"Byerly, T.R. (2017). Free Will Theodicies for Theological Determinists. Sophia 56: 289-310.",pub_harrison_2006_rethinking_augustines_early_theology,Harrison 2006 — Rethinking Augustine's Early Theology: An Argument for Continuity,0.07,0.71,<=0.3,pub_byerly_2017_freewill_theodicies_theological_determinists,description_token_overlap,"Article by T. Ryan Byerly (*Sophia* 56/2, 2017, p. 289-310) examining the possibility of a 'free-will theodicy' compatible with theological determinism—that is, the thesis that God causally determines","Carol Harrison, Rethinking Augustine's Early Theology: An Argument for Continuity, Oxford: Oxford University Press, 2006. The standard continuity reading, directed against the rupture account: Barclay"
argument_bobzien_2001_b1_rise_fall_freedom_problem__scholarly_argument_bobzien_later_stoic_compatibilism_phil_6,argument,argument_bobzien_2001_b1_rise_fall_freedom_problem,Bobzien 2001 — The Rise and Fall of the Problem of the Freedom to Act Otherwise (§8.7),scholarly_argument_bobzien_later_stoic_compatibilism_phil_6,Bobzien: A later Stoic theory attributed to 'PHILOPATOR' refines compatibilism by introdu,0.2,0.71,<=0.3,argument_bobzien_2001_b1_rise_fall_freedom_problem,description_token_overlap,"Argument-conclusion Bobzien 2001 §8.7 (p. 396-412): traces the emergence and disappearance of the problem of freedom to do otherwise in ancient philosophy. (1) The early Stoa (Zeno, Cleanthes, Chrysip","later Stoic compatibilism (PHILOPATOR) — A later Stoic theory attributed to 'PHILOPATOR' refines compatibilism by introducing a more sophisticated causal principle (same cause, same circumstances, sam"
argument_pseudo_chrysostom_de_fato_recapitulation_amand1945__argument_pseudo_chrysostom_de_fato_v_apologetic_amand1945,argument,argument_pseudo_chrysostom_de_fato_recapitulation_amand1945,"Pseudo-Chrysostom De Fato V — récapitulation oratoire 'εἰ γένεσίς ἐστι, ...'",argument_pseudo_chrysostom_de_fato_v_apologetic_amand1945,Pseudo-Chrysostom De Fato V — heimarmene comme barbarie injuste,0.24,0.7,<=0.3,argument_pseudo_chrysostom_de_fato_v_apologetic_amand1945,description_token_overlap;label_token_overlap,"Famous rhetorical recapitulation by Pseudo-Chrysostom at the end of Discours V (PG 50, 768 l.30-44). A rhetorical climax condensing, in eight parallel negations, the entire anti-fatalist moral argumen","Pseudo-Chrysostom’s argument in Discourse V (8th argument according to Amand, PG 50, 767-768): heimarmene is doubly absurd and barbarous—it compels human beings towards vice, then demands their punish"
scholarly_argument_munier_free_will_and_determinism_in_j_0__scholarly_argument_munier_free_will_in_justin_martyr_s_a_0,argument,scholarly_argument_munier_free_will_and_determinism_in_j_0,Munier: The work is a comprehensive study of Justin's Apology that addresses theological,scholarly_argument_munier_free_will_in_justin_martyr_s_a_0,Munier: Munier presents Justin as defending Christian doctrines including 'le libre arbi,0.83,0.7,0.7-0.9,scholarly_argument_munier_free_will_in_justin_martyr_s_a_0,description_token_overlap;label_token_overlap,"Munier treats free will within ch. IX.4 'L'homme et son salut'. Moral responsibility and free will are closely interdependent in Justin, as in most Apologists; free will is a 'pièce maîtresse' of earl","In his introduction Munier says of the second-century Greek apologists as a group that, before pagan masses and philosophers, they firmly defended the Christian dogmas, notably monotheism, free will a"
