node_id,type,name,existing_school,proposed_school,probability,confidence,anchor_sentence,desc_excerpt
argument_human_will_lacks_efficacy_45522d03,argument,Human Will Lacks Efficacy,,Modern scholarship,0.19,0.14,no textual anchor,"Malebranche's radical occasionalism denies that the human will has any genuine causal efficacy. The will cannot cause bodily movements, mental states, or even its own volitions. Only God has true causal power. This creat"
argument_cafma_character_contradiction_1f6g8i54,argument,"Anti-astrological argument: moral character changes, the natal horoscope cannot fix it",,Cannot be determined from the description,0.24,0.19,no textual anchor,"Human beings successively pass from opposites—from good to bad character, from virtue to vice. If character were fatally fixed at birth (as astrology claims via natal horoscope), such change would be impossible."
person_ralph_cudworth_77de5c65,person,Ralph Cudworth,,Modern scholarship,0.25,0.19,no textual anchor,"Ralph Cudworth (1617-1688) was an English philosopher and theologian, a leading member of the Cambridge Platonists, who defended libertarian free will and immaterial souls against Hobbesian materialism and determinism. H"
argument_anti_astrology_collective_catastrophes_5j0k2m98,argument,Anti-Astrological Argument III: Collective Catastrophes (Identity of Death),,No school affiliation / not a school-bound figure,0.26,0.21,no textual anchor,"People of all ages and origins, born under vastly different planetary configurations, often perish simultaneously in collective catastrophes: shipwrecks, battles, earthquakes, plagues. This proves the falsity of astrolog"
person_peter_abelard_w9x0y1z2,person,Peter Abelard,,Christian (patristic),0.26,0.21,no textual anchor,"Pioneering scholastic philosopher known for Sic et Non method. Developed sophisticated analysis of intention in moral evaluation. Argued moral worth depends on intention (intentio), not external act or consequences. Addr"
argument_frankfurt_cases_1o2p3q4r,argument,Frankfurt Cases,,Modern scholarship,0.27,0.21,no textual anchor,Frankfurt's 1969 article presents cases in which an agent is morally responsible even though a counterfactual intervener ensures that no alternative outcome was available. These cases are designed to challenge the Princi
person_baruch_spinoza_8p2k3l91,person,Baruch Spinoza,,Jewish,0.27,0.22,"Baruch Spinoza (1632–1677), Dutch-Jewish philosopher excommunicated from the Amsterdam Sephardic community in 1656, developed one of the most systematically rigorous rejections of free will in the Western philosophical tradition.","Baruch Spinoza (1632–1677), Dutch-Jewish philosopher excommunicated from the Amsterdam Sephardic community in 1656, developed one of the most systematically rigorous rejections of free will in the Western philosophical t"
person_libet_benjamin_1e2f3g4h,person,Benjamin Libet,,Presocratic,0.27,0.21,no textual anchor,American neuroscientist whose experiments (1980s) appeared to show that unconscious brain activity (readiness potential) precedes conscious intention to act by ~350-400ms. This suggests that conscious will does not initi
person_christian_wolff_1s5n6o24,person,Christian Wolff,,Stoic,0.27,0.21,no textual anchor,German philosopher who systematized and popularized Leibnizian philosophy. Developed compatibilist position based on Principle of Sufficient Reason. Defended determinism while arguing for moral responsibility through spo
work_tahafut_al_falasifa_al_ghazali_y9z0a1b2,work,The Incoherence of the Philosophers (Tahafut al-Falasifa),,Jewish,0.27,0.21,no textual anchor,"Al-Ghazali's refutation of Aristotelian philosophy, particularly Avicenna's necessitarian metaphysics. Twenty problems raised against philosophers. Most famous: discussion 17 denying natural causation and causal necessit"
person_samuel_clarke_6x0s1t79,person,Samuel Clarke,,No school affiliation / not a school-bound figure,0.27,0.21,no textual anchor,English philosopher and Anglican clergyman. Defended libertarian free will as necessary for moral responsibility and divine justice. Argued against Leibnizian sufficient reason and Hobbesian necessity. Maintained agent c
person_oshana_marina_7k8l9m0n,person,Marina Oshana,,Christian (patristic),0.27999999999999997,0.24,no textual anchor,Feminist philosopher who developed social externalist account of autonomy. Argues that autonomy and free will are not purely internal psychological states but depend on social conditions. Oppressive social environments c
person_james_william_4d5e6f7g,person,William James,,Modern scholarship,0.28,0.23,no textual anchor,American philosopher and psychologist who defended libertarian free will on pragmatic grounds. Argued that belief in free will is rationally justified because it makes a practical difference to how we live. Famous for hi
person_mackenzie_catriona_9m0n1o2p,person,Catriona Mackenzie,,Modern scholarship,0.28,0.22,no textual anchor,"Australian feminist philosopher who developed influential relational autonomy framework. Argues that autonomy must be understood relationally - as constituted by and exercised within social relationships. Oppression, tra"
argument_edwardsian_compatibilism_5a9v0w68,argument,Edwards's Compatibilist Defense of Reformed Theology,,Modern scholarship,0.3,0.24,no textual anchor,"Jonathan Edwards's sophisticated compatibilist argument defending Calvinist theology. The will always follows the strongest motive/inclination necessarily, yet this is compatible with moral responsibility. Liberty of ind"
argument_firmicus_witness3_religion_useless_amand1945,argument,"Témoin n°3 (Firmicus Math I, 2, 8-9) — Deuxième argument : mépris des dieux et inutilité des rites",,Christian (patristic),0.3,0.24,no textual anchor,"Second anti-fatalist moral argument reconstructed in Firmicus Mathesis I, 2, 8-9 (Kroll-Skutsch I p. 8) by Amand 1945 (analysis p. 186, Latin text p. 187). Logical conclusion of astrological fatalism: contempt for the go"
person_nahmias_eddy_4h5i6j7k,person,Eddy Nahmias,,Modern scholarship,0.3,0.24,no textual anchor,Contemporary experimental philosopher who studies folk intuitions about free will and moral responsibility. His experiments suggest that ordinary people are natural compatibilists who don't think determinism undermines r
person_luis_de_molina_3k7f8g46,person,Luis de Molina,,Christian (patristic),0.31,0.25,no textual anchor,Spanish Jesuit theologian who developed the doctrine of middle knowledge (scientia media) to reconcile divine sovereignty with human free will. Argued God knows what every possible free creature would freely choose in an
person_galen_pergamon_129_216ce,person,Galen of Pergamon,Various,Middle Platonist,0.31,0.26,no textual anchor,"Physician and philosopher (129-c.216 CE). Eclectic thinker drawing on Plato, Aristotle, and Hippocrates. De Placitis Hippocratis et Platonis is his major philosophical work on the soul and its faculties, relevant to deba"
argument_anti_astrology_nomima_barbarika_6k1l3n09,argument,Anti-Astrological Argument IV: Diversity of Customs (Nomima Barbarika),,Pyrrhonist/Sceptic,0.33,0.27,no textual anchor,"The remarkable diversity of laws, customs, and cultural practices (nomima barbarika) among different peoples (Italians, Greeks, Scythians, Syrians, etc.) contradicts the claim of uniform astral influence. If stars determ"
scholarly_argument_ramelli_anti_determinism_and_free_will_1,argument,Ramelli: Both Alexander and Origen refuted Stoic determinism using very similar arguments,,Modern scholarship,0.33,0.27,no textual anchor,"Anti-determinism and free will — Both Alexander and Origen refuted Stoic determinism using very similar arguments, particularly emphasizing praise/blame and the efficacy of petitionary prayer; Alexander deemed Stoic comp"
person_oconnor_timothy_8r9s0t1u,person,Timothy O'Connor,,Middle Platonist,0.33,0.27,no textual anchor,Contemporary philosopher defending agent-causal libertarianism. Argues that agents have irreducible causal powers to initiate actions. Developed sophisticated account of how agent causation can be integrated with scienti
work_galen_de_placitis,work,"Galen, De Placitis Hippocratis et Platonis",,Cannot be determined from the description,0.33,0.28,no textual anchor,"Galen, De Placitis Hippocratis et Platonis (grc, Imperial)"
work_firmicus_mathesis,work,"Iulius Firmicus Maternus, Mathesis (8 livres)",,No school affiliation / not a school-bound figure,0.33,0.28,no textual anchor,"Latin astrological summa in 8 books composed by Iulius Firmicus Maternus, a Roman senator, under the reign of Constantine (c. 334–337). According to Amand 1945 (Book I ch. VII, p. 178-188), it is ""this imposing treatise "
argument_anti_astrology_twins_4i9j1l87,argument,Anti-Astrological Argument II: The Twins Argument,,Pyrrhonist/Sceptic,0.34,0.29,no textual anchor,"Individuals born at the same moment under identical astrological configurations have manifestly different destinies. Examples include multiple people named Homer or Socrates, or actual twins with divergent life paths. Th"
argument_greg_naz_carmen_dogm_5_carneadean,argument,Gregory of Nazianzus Carm. dogm. 5: Carneadean echo in dactylic hexameters,,Stoic,0.34,0.29,no textual anchor,"Carneades’ argument condensed into dactylic hexameters by Gregory of Nazianzus (Carm. dogm. 5 Περὶ προνοίας, verses 44-52, PG 37.427A-428A): 'Such is my doctrine: it is founded not upon the movement of the stars, but upo"
person_knobe_joshua_5i6j7k8l,person,Joshua Knobe,,Modern scholarship,0.34,0.28,no textual anchor,"American experimental philosopher famous for discovering the Knobe Effect: people's attributions of intentionality are influenced by moral judgments. Side effects that are morally bad are judged intentional, while morall"
person_camus_albert_9i0j1k2l,person,Albert Camus,,Middle Platonist,0.34,0.28,no textual anchor,"French-Algerian philosopher who explored themes of absurdity and freedom. While skeptical of systematic philosophy, emphasized human freedom to create meaning in an absurd universe. Famous for image of Sisyphus choosing "
work_calcidius_in_timaeum,work,"Calcidius, Commentarius in Platonis Timaeum",,Academic/Platonist,0.34,0.28,"Calcidius (Chalcidius), Commentarius in Platonis Timaeum, a Late Antique Latin translation-commentary conventionally dated to the fourth century, although the author's precise date, religious affiliation and philosophical classification remain disputed.","Calcidius (Chalcidius), Commentarius in Platonis Timaeum, a Late Antique Latin translation-commentary conventionally dated to the fourth century, although the author's precise date, religious affiliation and philosophica"
person_sartre_jean_paul_8h9i0j1k,person,Jean-Paul Sartre,,Modern scholarship,0.34,0.29,no textual anchor,French existentialist philosopher who defended radical freedom. Famous slogan: 'existence precedes essence' and humans are 'condemned to be free'. Argued that human consciousness (being-for-itself) is fundamentally free 
scholarly_argument_list_epistemological_foundation_of__2,argument,List: Justin's Platonism was 'completely revolutionised' by a new epistemological foun,,Christian (patristic),0.34,0.3,"If Justin remained a Platonist ('and I think he did'), it was a Platonism 'completely revolutionised by this new epistemological foundation (Spirit-inspired biblical prophecy)', not one 'completed' or 'corrected' by Christianity (against Thorsteinsson).","For List, anthropology was 'foundational' to Justin's Platonism, so conceding that the rational soul cannot perceive God 'meant a complete overhaul of his epistemological system'. If Justin remained a Platonist ('and I t"
work_favorinus_peri_phyges,work,"Favorinus, Peri phygēs (Περὶ φυγῆς)",,Pyrrhonist/Sceptic,0.34,0.29,no textual anchor,"Treatise by Favorinus of Arles entitled Περὶ φυγῆς (On Exile), partially recovered in 1931 in the Papyrus Vaticano Greco 11 published by M. Norsa and G. Vitelli (Studi e testi 53, Rome, Vatican City, 1931). According to "
person_bergson_henri_5e6f7g8h,person,Henri Bergson,,Modern scholarship,0.35,0.31,no textual anchor,"French philosopher who argued that free will is experienced in duration (duree) as opposed to spatialized, mechanistic time. Claimed that determinism falsifies human experience by treating temporal flow as a succession o"
argument_anti_astrology_impossibility_observation_3h8i0k76,argument,Anti-Astrological Argument I: Impossibility of Exact Observation,,Pyrrhonist/Sceptic,0.35000000000000003,0.3,no textual anchor,"Genethlialogia (natal astrology) requires fixing the exact instant of birth to calculate the horoscope. However, this is practically impossible due to: (1) the extraordinary rapidity of celestial motion (complete rotatio"
argument_liberty_as_absence_of_external_impediment_4587b29b,argument,Liberty as Absence of External Impediment,,Modern scholarship,0.35000000000000003,0.29,no textual anchor,"This definition of liberty, prominent in early modern philosophy (especially Hobbes), holds that freedom consists simply in the absence of external physical obstacles to doing what one wills, regardless of whether the wi"
scholarly_argument_crouzel_platonism_and_free_will_2,argument,Crouzel: Platonism dominates Origen's conception of libre arbitre; Platonism is Origen's ,,Modern scholarship,0.35000000000000003,0.3,no textual anchor,"Crouzel: in Origen's reading (Contra Celsum), the doctrines that raise the soul from things here below to the beatitude awaiting it near God, and that teach contempt of the sensible as transitory so that one hastens towa"
scholarly_argument_minns_philo_s_parallel_on_free_will__5,argument,"Minns: Justin cites Deut. 30:15, 19 addressed to 'Adam,' with a Philonic parallel linki",,Christian (patristic),0.35000000000000003,0.3,no textual anchor,"On 1 Apol. 44.1 the editors note that Deut. 30:15, 19 is addressed to Israel and ask how Justin could take it as addressed to Adam, 'the first-fashioned human being'. A possible explanation is Skarsaune's suggestion (Pro"
scholarly_argument_jurasz_marinus_platonising_bardesanism,argument,"Jurasz: Marinus in the Adamantius Dialogue attests a later, Platonising bardesanism",,Modern scholarship,0.35000000000000003,0.3,no textual anchor,"The bardesanite Marinus in the Adamantius Dialogue represents a later and possibly local version of Bardaisan's teaching: Platonising and hostile to the body, holding the resurrection of souls and not of bodies. Jurasz a"
scholarly_argument_koch_academic_reactions_to_stoic_ca_1,argument,"Koch: The Academic reactions to Chrysippus's causal distinctions, as carefully describ",,Modern scholarship,0.37,0.31,no textual anchor,"Koch: the Academic reactions to Chrysippus's causal distinctions, traces of which Cicero's De fato preserves, met the distinctions with 'de très fortes résistances'; she studies them in section II and then links these St"
person_caruso_gregg_0d1e2f3g,person,Gregg Caruso,,Modern scholarship,0.37,0.32,no textual anchor,Contemporary free will skeptic who argues that neither compatibilism nor libertarianism can ground moral responsibility. Advocates public health-quarantine model of criminal justice as alternative to retributive desert-b
scholar_barclay_j,person,John M. G. Barclay,,Jewish,0.37,0.32,"New Testament, Pauline theology, Second Temple Judaism","New Testament, Pauline theology, Second Temple Judaism"
scholar_list_n,person,Nicholas List,,Modern scholarship,0.37,0.32,no textual anchor,"Nicholas List — Early Christian studies, Middle Platonism and Justin Martyr; author of 'Justin Martyr's Problem with Platonism', Vigiliae Christianae 78 (2024). Not to be confused with the List discussed by Fürst 2022, w"
scholarly_argument_dihle_jewish_and_christian_conceptio_1,argument,Dihle: Jewish and early Christian theology conceived of creation as dependent solely on,,Modern scholarship,0.38,0.33,no textual anchor,"Dihle opens with Galen's digression (De usu partium): according to Galen, the Jews derive the universe exclusively from the arbitrary intention of the creator, who can turn a lump of earth into a horse or a bird — an opi"
scholarly_argument_gaventa_universal_scope_of_god_s_actio_2,argument,Gaventa: The repeated use of 'all' in 5:12-21 warns against limiting God's actions to tho,,Modern scholarship,0.38,0.33,no textual anchor,universal scope of God's action and warning against presumption — The repeated use of 'all' in 5:12-21 warns against limiting God's actions to those who presently constitute the 'we'; God's actions are not confined to th
person_westlund_andrea_8l9m0n1o,person,Andrea Westlund,,Modern scholarship,0.38,0.33,no textual anchor,Feminist philosopher who developed dialogical account of autonomy. Argues that autonomy requires being answerable to others - holding oneself accountable in ways responsive to others' questions and challenges. This socia
scholar_schr_ter_j,person,Jens Schröter,,Modern scholarship,0.38,0.33,no textual anchor,"New Testament studies, Pauline reception history"
work_de_natura_deorum_cicero,work,"Cicero, De Natura Deorum",,Academic/Platonist,0.38,0.33,"Each book stages a representative of a major Hellenistic school defending his theological position: the Epicurean Velleius (Book I), the Stoic Balbus (Book II), and the Academic sceptic Cotta (Book III).","Cicero's De Natura Deorum (On the Nature of the Gods), composed in 45-44 BCE and dedicated to Brutus, is a dialogue in three books set in 77 or 76 BCE at the home of C. Aurelius Cotta. Each book stages a representative o"
argument_alexander_witness2_envelope_amand1945,argument,Argument-cadre du témoin n°2 Alexandre De Fato 16-20 — enveloppe quinquépartite de la diatribe antifataliste,,Modern scholarship,0.39,0.33,no textual anchor,"General argumentative framework identified by Amand 1945 (p. 148, ll. 8481-8530) within Alexander’s De Fato 16-20. According to Amand, Alexander ""accumulates moral arguments against Chrysippus’ absolute determinism, whic"
argument_reactive_attitudes_alex,argument,Legacy reconstruction (discovery only): Reactive Attitudes Argument (Alexander),,Peripatetic,0.39,0.34,no textual anchor,"Modern reactive-attitudes comparison, discovery only. Alexander's polemical appeals to anger, gratitude, praise and blame may be compared with later analytic debates, but the Strawsonian taxonomy is not his text. Sharple"
argument_firmicus_witness3_virtue_vain_under_stars_amand1945,argument,"Témoin n°3 (Firmicus Math I, 2, 5-7) — Premier argument : effort de vertu vain sous les constellations",,Pyrrhonist/Sceptic,0.39,0.35,no textual anchor,"First anti-fatalist moral argument reconstructed in Firmicus Mathesis I, 2, 5-7 (Kroll-Skutsch I p. 7 l. 8 — p. 8) by Amand 1945 (analysis p. 185-186, Latin text p. 186-187). Main theme of witness no. 3: astrological fat"
person_nussbaum_martha_contemporary,person,Martha Nussbaum,,Modern scholarship,0.39,0.35,no textual anchor,"Philosopher connecting ancient Stoic and Aristotelian ethics to contemporary issues. Author of ""The Therapy of Desire"" examining Hellenistic philosophy's relevance to modern ethics."
scholar_amand_de_mendieta_e,person,Emmanuel Amand de Mendieta,,Modern scholarship,0.39,0.33,no textual anchor,"Emmanuel Amand de Mendieta O.S.B. (1907-1976). A Belgian Benedictine, philologist, and historian of ancient philosophy trained at Louvain. His doctoral thesis (1944), published under the title *Fatalisme et liberté dans "
scholar_haacker_k,person,Klaus Haacker,,Christian (patristic),0.39,0.34,no textual anchor,"New Testament exegesis, Pauline theology, Philo of Alexandria"
scholarly_argument_koenig_soul_choice_risk,argument,König: the soul is both the seat of free decision and pastoral risk,,Modern scholarship,0.39,0.34,no textual anchor,The soul's capacity for choice enables obedience but can also make it a dwelling of passions and deception; freedom creates the need for care.
scholarly_argument_holz_primordial_choice,argument,Holz: primordial choice differentiates originally equal intellects,,Modern scholarship,0.39,0.34,no textual anchor,Cosmic hierarchy follows free primordial decisions by equal rational beings; ontological locations do not predetermine moral action.
scholarly_argument_bobichon_free_will_in_justin_martyr_0,argument,Bobichon: No direct position taken; this is a purely philological and codicological study ,,Christian (patristic),0.39,0.34,no textual anchor,free will in Justin Martyr — No direct position taken; this is a purely philological and codicological study of manuscript transmission with no engagement with philosophical content of Justin's works
person_rene_descartes_1aa22692,person,René Descartes,,No school affiliation / not a school-bound figure,0.39,0.34,no textual anchor,"René Descartes (1596–1650) occupies a pivotal position in the history of the free will debate as the thinker who both inherited and transformed the late-Scholastic discussion of will, freedom, and divine sovereignty. His"
scholarly_argument_list_determinism_fate_and_moral_res_1,argument,List: The doctrine of transmigration (metempsychosis) rejected by Justin in Dialogue 4,,Christian (patristic),0.39,0.33,"Justin's rejection was therefore 'religious competition', undermining rivals and defining Christianity on his own terms.","List argues that the two Platonic doctrines Justin rejects in Dial. 4 (the soul's vision of God; transmigration) 'happen to be foundational' to the anthropologies of Carpocrates, Basilides and Simon/Helen, teachers proba"
work_septuagint,work,Septuagint (Μετάφρασις τῶν Ἑβδομήκοντα),,Jewish,0.39,0.35,no textual anchor,"Greek translation of the Hebrew Bible, 3rd-2nd century BCE. The standard Old Testament text for early Church Fathers in debates on divine providence, human agency, and moral choice."
argument_firmicus_witness3_laws_abrogated_amand1945,argument,"Témoin n°3 (Firmicus Math I, 2, 10-11) — Troisième argument : abrogation des lois et droits du magistrat",,Pyrrhonist/Sceptic,0.4,0.35,Double convergence: 3 witnesses (Philo + Firmicus + Alexander) for the pivotal argument B1 legislation/responsibility — reaches Carneades’ threshold according to Amand’s rule of “3 witnesses out of 6”.,"Third anti-fatalist moral argument reconstructed in Firmicus Mathesis I, 2, 10-11 (Kroll-Skutsch I p. 8 l. 25 — p. 9 l. 4) by Amand 1945 (analysis p. 186, Latin text p. 187-188). Legislative-juridical argument: if astrol"
scholarly_argument_denzey_lewis_pauline_exegesis_and_cosmic_en_3,argument,Denzey Lewis: Pauline concept of 'body of death' represents cosmic malevolence and enslavement,,Christian (patristic),0.4,0.35,"Diverging from the majority of scholars, Denzey Lewis asserts that cosmic pessimism in second- to fourth-century Christianity (particularly, though not exclusively, 'Gnostic' Christianity) finds its root not only in prevailing Graeco-Roman conceptions of a malevolent cosmos but a","Diverging from the majority of scholars, Denzey Lewis asserts that cosmic pessimism in second- to fourth-century Christianity (particularly, though not exclusively, 'Gnostic' Christianity) finds its root not only in prev"
scholarly_argument_gaventa_the_law_s_role_in_arousing_sin_2,argument,Gaventa: Paul presents a paradoxical dynamic where the law itself arouses sinful passions,,Modern scholarship,0.4,0.35,no textual anchor,"The law's role in arousing sinful passions: Sin as a cosmic power colonizing the human agent (apocalyptic reading) — Paul presents a paradoxical dynamic where the law itself arouses sinful passions (7:5), yet the law is "
scholarly_argument_pouderon_formation_of_christian_intelle_1,argument,"Pouderon: Examined the 'schools' of Athens, Rome, and Alexandria as contexts for the forma",,Cannot be determined from the description,0.4,0.35,no textual anchor,"Formation of Christian intellectual elite in 2nd century — Examined the 'schools' of Athens, Rome, and Alexandria as contexts for the formation of a Christian intellectual elite during the second century"
person_firmicus_maternus_2q7r9t65,person,Firmicus Maternus,,Pyrrhonist/Sceptic,0.4,0.36,"4) reports *in extenso*, in order to refute them, three anti-astrological arguments of Neo-Academic origin, including Carneades' anti-fatalist moral argument—presented in a popular, vivid, and imagistic form characteristic of diatribe, unlike the scholastic and dry exposition of ","Author of the *Mathesis*, an extensive astrological handbook. Ironically preserves CAFMA arguments by copying them exactly (in order to refute them). Later converted to Christianity and wrote against paganism.

[Amand 19"
person_mill_john_stuart_2b3c4d5e,person,John Stuart Mill,,Modern scholarship,0.4,0.35,no textual anchor,"British philosopher who defended soft determinism (compatibilism). Argued that freedom consists in acting according to one's desires and character, not in some mysterious contra-causal power. Emphasized that even though "
scholar_young_s,person,Stephen L. Young,,Modern scholarship,0.4,0.35,no textual anchor,"New Testament studies, Pauline theology, ethnicity in antiquity"
work_bardesanes_liber_legum_regionum,work,"Bardesane (et Philippe), Le Livre des lois des pays (Liber Legum Regionum)",,Christian (patristic),0.4,0.35,no textual anchor,"Syriac dialogue attributed to Bardesanes of Edessa, composed according to the communis opinio by his disciple Philip toward the beginning of the third century (probably before 222, the date of Bardesanes’ death). The old"
person_thomas_reid_8z2u3v91,person,Thomas Reid,,Modern scholarship,0.4,0.35,no textual anchor,Scottish philosopher and founder of Common Sense school. Developed agent-causation theory of free will in explicit opposition to Hume's compatibilism. Argued persons as agents cause their actions without being caused to 
person_ayer_alfred_jules_7g8h9i0j,person,A.J. Ayer,,Modern scholarship,0.41,0.38,no textual anchor,British philosopher who defended classical compatibilism. Argued that an act is free if it is caused by the agent's own motives and desires rather than by external compulsion. The debate between free will and determinism
argument_buridans_ass_73a98d20,argument,Buridan's Ass,,Peripatetic,0.41000000000000003,0.36,Similar paradoxes appear in: Aristotle: De Caelo II.13 (man equally hungry and thirsty).,"The paradox of ""Buridan's Ass"" illustrates a challenge to intellectualist accounts of the will: if a perfectly rational donkey stands equidistant between two identical bales of hay, with equal reason to choose either, th"
person_immanuel_kant_0b4w5x13,person,Immanuel Kant,,Modern scholarship,0.41000000000000003,0.35,no textual anchor,German Enlightenment philosopher who revolutionized Western philosophy. Developed transcendental idealism distinguishing phenomena from noumena. On free will: argued Third Antinomy shows theoretical reason cannot resolve
person_jonathan_edwards_9a3v4w02,person,Jonathan Edwards,,Modern scholarship,0.41000000000000003,0.36,no textual anchor,American Congregationalist theologian and philosopher. Developed sophisticated compatibilist position defending Calvinist theology against Arminian attacks. Argued freedom = acting according to strongest motive/inclinati
scholar_still_t,person,Todd D. Still,,Christian (patristic),0.41000000000000003,0.36,New Testament and Patristics,New Testament and Patristics
argument_carneadean_providence_mantike_alexander_amand1945,argument,Carneadean supplementary argument — Abolition of the providence of the gods and of divination (Alexander §17),,Pyrrhonist/Sceptic,0.41000000000000003,0.36,"Carneades, according to Amand’s reconstruction, would turn the argument around: if Stoic fatalism is true, divination becomes useless because knowledge of the future changes nothing in what will happen (a structural parallel with the Argos Logos).","Supplementary argument to argument VI (the destruction of piety), reconstructed by Amand (1945, p. 584-585) on the exclusive testimony of Alexander of Aphrodisias (Περὶ εἱμαρμένης 17). According to Amand, two objections "
scholarly_argument_brouwer_medieval_voluntarism_and_intel_5,argument,Brouwer: The debate continued in the high middle ages with 'voluntarists' (Henry of Ghent,,Christian (patristic),0.42,0.37,no textual anchor,"medieval voluntarism and intellectualism — The debate continued in the high middle ages with 'voluntarists' (Henry of Ghent, Duns Scotus) arguing for will's independence from intellect, versus 'intellectualists' (Thomas "
scholarly_argument_brouwer_hellenistic_origins_of_the_deb_2,argument,Brouwer: The Hellenistic debate started with Stoics and Epicureans taking opposite positi,,Stoic,0.42,0.37,Hellenistic origins of the debate — The Hellenistic debate started with Stoics and Epicureans taking opposite positions (determinism vs.,"Hellenistic origins of the debate — The Hellenistic debate started with Stoics and Epicureans taking opposite positions (determinism vs. libertarianism), with Academic Sceptics attacking both dogmatic positions"
scholarly_argument_donini_cicero_s_de_fato_and_aristotle_5,argument,Donini: Cicero's claim that Aristotle was in a certain sense a determinist should be tra,,Pyrrhonist/Sceptic,0.42,0.37,"Cicero's De Fato and Aristotle as determinist — Cicero's claim that Aristotle was in a certain sense a determinist should be traced to Carneades via Clitomachus as source, not Antiochus;","Cicero's De Fato and Aristotle as determinist — Cicero's claim that Aristotle was in a certain sense a determinist should be traced to Carneades via Clitomachus as source, not Antiochus; possibly Cicero added Aristotle's"
scholarly_argument_frede_alexander_of_aphrodisias_targe_1,argument,"D. Frede: Alexander's criticism is directed at the Stoa, specifically a contemporary Stoic",,Modern scholarship,0.42,0.37,no textual anchor,"Alexander of Aphrodisias' target and method — Alexander's criticism is directed at the Stoa, specifically a contemporary Stoic who maintained a stronger determinism than Chrysippus and did not understand earlier Stoic co"
scholarly_argument_pouderon_stoic_determinism_and_divine_i_2,argument,"Pouderon: Unlike the Stoics who, according to their adversaries, make God immanent in chan",,Christian (patristic),0.42,0.37,"Pouderon: whereas the Stoics — 'à en croire leurs adversaires' — implicate God in evil by proclaiming him immanent in changeable, passible matter, and hence in matter that carries evil, the Christian Apologists insist that God is not the author of evil and take care to specify th","Pouderon: whereas the Stoics — 'à en croire leurs adversaires' — implicate God in evil by proclaiming him immanent in changeable, passible matter, and hence in matter that carries evil, the Christian Apologists insist th"
scholarly_argument_velardo_josephus_s_use_of_heimarmene_0,argument,"Velardo: The phrase τὴν εἱμαρμένην ἄφυκτον in Bellum Judaicum 6,267-268 is an eclectic he",,Jewish,0.42,0.37,"Josephus's use of εἱμαρμένη (heimarmene) — The phrase τὴν εἱμαρμένην ἄφυκτον in Bellum Judaicum 6,267-268 is an eclectic hermeneutic resource that combines Jewish worldview elements with the dominant philosophical (Stoic) context to explain the destruction of the Second Temple","Josephus's use of εἱμαρμένη (heimarmene) — The phrase τὴν εἱμαρμένην ἄφυκτον in Bellum Judaicum 6,267-268 is an eclectic hermeneutic resource that combines Jewish worldview elements with the dominant philosophical (Stoic"
person_al_ashari_m3n4o5p6,person,Al-Ash'ari (Abū al-Ḥasan al-Ashʿarī),,Middle Platonist,0.42,0.38,no textual anchor,"Founder of Ash'ari school of Islamic theology (kalam). Originally Mu'tazilite, converted to anti-rationalist position. Developed doctrine of kasb (acquisition): God creates all acts, but humans 'acquire' them. Denied sec"
person_nicolas_malebranche_9q3l4m02,person,Nicolas Malebranche,,Christian (patristic),0.42,0.37,no textual anchor,French Oratorian priest and Cartesian philosopher who developed occasionalism: God is the only true cause; finite beings are merely occasions for divine action. On free will: defended libertarian freedom while maintainin
scholar_laato_a,person,Antti Laato,,Modern scholarship,0.42,0.37,no textual anchor,"Old Testament studies, theodicy"
scholar_wolfson_h,person,Harry Austryn Wolfson,,Jewish,0.42,0.37,no textual anchor,"history of philosophy, Philo Judaeus, medieval and ancient philosophy ') and clutters the scholarly content; it should ]"
scholar_wolter_m,person,Michael Wolter,,Cannot be determined from the description,0.42,0.37,no textual anchor,"New Testament theology, Pauline studies"
scholarly_argument_ewing_stoic_pervasion,argument,Ewing: Clement adopts Stoic pervasion but rejects the identity of providence and fate,,Christian (patristic),0.42,0.37,no textual anchor,Clement is close to Stoic pervasive providence but rejects its identity with fate and denies that divine care coerces embodied agents.
argument_skeptical_argument_from_divine_power_d217cdac,argument,Skeptical Argument from Divine Power,,Modern scholarship,0.43,0.39,no textual anchor,"Pierre Bayle's skeptical argument uses divine omnipotence to show that we cannot have certain knowledge of the external world or even our own mental states: if God is omnipotent, He could cause us to have all our experie"
argument_firmicus_witness3_envelope_amand1945,argument,"Argument-cadre du témoin n°3 Firmicus Mathesis I, 2, 5-11 — enveloppe tripartite de la diatribe antifataliste",,Pyrrhonist/Sceptic,0.43,0.39,"Polemical target: Carneades himself, scarcely disguised (cf.","General argumentative framework identified by Amand 1945 (p. 185-188, ll. 10500-10791) within Firmicus Mathesis I, 2, 5-11 (Kroll-Skutsch I p. 7 l. 8 — p. 9 l. 4). Witness no. 3 articulates three cascading arguments: (1)"
scholarly_argument_dodson_divine_causation_and_determini_1,argument,Dodson: Orrey McFarland's chapter argues that both Philo and Paul employ 'prepositional ,,Jewish,0.43,0.38,no textual anchor,"Orrey McFarland (ch. 6) argues that Paul, like Philo, can 'safely be placed' within the traditional use of 'prepositional metaphysics' (prepositions with technical meanings defining causation). Philo is the clear example"
scholarly_argument_koch_alexander_s_rhetorical_strateg_6,argument,Koch: Alexander's anonymity in attacking contemporary Stoics reflects political cautio,,Peripatetic,0.43,0.38,no textual anchor,"Koch reports Thillet's political explanation of the De fato's anonymous targets: a book offered to the Emperors, when Septimius Severus wished, like Pertinax, to emulate Marcus Aurelius, could hardly attack Stoic philoso"
scholarly_argument_king_augustine_s_transition_to_skep_3,argument,King: Augustine adopted Academic skepticism primarily through Cicero's The Academician,,Pyrrhonist/Sceptic,0.43,0.38,"Augustine's transition to skepticism and intellectual inquiry — Augustine adopted Academic skepticism primarily through Cicero's The Academicians, finding value in the view that the search for knowledge is itself intellectually rewarding and that knowledge might be understood as ","Augustine's transition to skepticism and intellectual inquiry — Augustine adopted Academic skepticism primarily through Cicero's The Academicians, finding value in the view that the search for knowledge is itself intelle"
scholarly_argument_moon_cognate_passages_as_interpreti_5,argument,Moon: The patristic appeal to cognate passages in Paul's letters (passages containing ,,Christian (patristic),0.43,0.38,"Cognate passages as interpretive key — The patristic appeal to cognate passages in Paul's letters (passages containing similar words and ideas) indicates a promising way forward in interpreting Romans 9:6-13, suggesting that the passage should not be read in isolation","Cognate passages as interpretive key — The patristic appeal to cognate passages in Paul's letters (passages containing similar words and ideas) indicates a promising way forward in interpreting Romans 9:6-13, suggesting "
person_john_bramhall_3u7p8q46,person,John Bramhall,,Modern scholarship,0.43,0.38,no textual anchor,"Anglican Bishop of Derry and defender of libertarian free will against Hobbes's determinism. Argued that Hobbesian necessity destroys moral responsibility, deliberation, and divine justice. Defended liberty of indifferen"
scholar_hildebrandt_ronja,person,Ronja Hildebrandt,,Modern scholarship,0.43,0.38,no textual anchor,"Scholar of ancient philosophy working on Stoic determinism, fate, moral responsibility and Alexander of Aphrodisias. The 2022 article records affiliations with Humboldt University Berlin and Technical University Dortmund"
scholar_van_kooten_g,person,George H. van Kooten,,Modern scholarship,0.43,0.38,no textual anchor,New Testament and Early Christianity
scholarly_argument_amand_de_mendieta_reconstruction_of_carneades_ar_4,argument,Amand de Mendieta: The reconstruction of the general architecture of the Neo-Academic demonstration,,Pyrrhonist/Sceptic,0.43,0.39,"its actual wording escapes us 'absolument et pour toujours', since Carneades wrote nothing and Clitomachus' works are lost.",Amand: the reconstruction of the general architecture of the Neo-Academic demonstration attempted in the Conclusion is 'conjecturale et toute fragmentaire' and only sketches the partial canvas of the Carneadean argumenta
argument_frede_2011_origen_differences_from_platonism_not_christianity,argument,"Origen’s differences with the Stoics derive from his Platonism, not from his Christianity (Frede 2011)",,Christian (patristic),0.44,0.41,Origen differs from classical Stoicism on five points: (1) he identifies autexousion with eph' hēmin (whereas the Stoics distinguish the freedom of the sage from the eph' hēmin of the fool);,Frede 2011 ch. 7 argument (p. 120-124). Origen differs from classical Stoicism on five points: (1) he identifies autexousion with eph' hēmin (whereas the Stoics distinguish the freedom of the sage from the eph' hēmin of 
scholarly_argument_pouderon_determinism_and_fate_heimarmen_1,argument,"Pouderon: Athenagoras grounds moral responsibility on self-chosen virtue and vice (αὐθαίρετον, Legatio XXIV,4), without explicit anti-heimarmene polemic",,Stoic,0.44,0.39,Heimarmene is not discussed.,"Pouderon (§7, pp. 177-179): the affirmation of free will is, oddly, clearer in the Supplique (men choose freely between vice and virtue, L. XXIV,4) than in the Traité, where 'la liberté humaine se tire de la notion de re"
scholarly_argument_sharples_tension_between_neglect_and_de_3,argument,Sharples: There remains a fundamental tension between [D] (neglect of individuals) and [E],,Christian (patristic),0.44,0.39,no textual anchor,tension between neglect and delegation — There remains a fundamental tension between [D] (neglect of individuals) and [E] (delegation to lesser beings); Nemesius's objection that care for species requires care for indivi
person_antoine_arnauld_7o1j2k80,person,Antoine Arnauld,,Christian (patristic),0.44,0.39,no textual anchor,"French Catholic theologian, philosopher, and leading Jansenist. Collaborated with Pascal defending Jansenism. Engaged in major philosophical debates with Descartes, Malebranche, and Leibniz on ideas, grace, and theodicy."
scholar_gauthier_r_a,person,René-Antoine Gauthier,,Modern scholarship,0.44,0.4,no textual anchor,"René-Antoine Gauthier O.P. (1913-1999), French Dominican, philologist and historian of philosophy. Joined the Dominicans in 1933 (Lyon province). Dissertation on *magnanimitas* (1942, published 1951) at Le Saulchoir. Co-"
scholar_hogeterp_a,person,Albert L. A. Hogeterp,,Modern scholarship,0.44,0.4,no textual anchor,"New Testament studies, Pauline theology, biblical interpretation"
scholar_tolan_d,person,Daniel Jonathan Tolan,,Christian (patristic),0.44,0.4,"Patristics, Stoicism, Origen, ancient psychology and ethics","Patristics, Stoicism, Origen, ancient psychology and ethics"
scholarly_argument_ter_haar_romeny_bardaisan_attribution_erroneous,argument,ter Haar Romeny: Eusebius' ascription of the two-speakers reading to Bardaisan is mistaken,,Modern scholarship,0.44,0.4,no textual anchor,"Against the attribution, ter Haar Romeny argues that Bardaisan speaks explicitly of a single God in the Book of the Laws of the Countries (LLP 1-2), and that he is reported as an anti-Marcionite polemicist, which presupp"
scholarly_argument_koch_2019_imperial_stoic_interlocutors,argument,"Koch: Alexander's anonymous Stoics are plausibly imperial-era Chrysippan loyalists — evolution, not just distortion",,Modern scholarship,0.44,0.39,no textual anchor,"Stoic determinism is indubitably the De fato's principal target, but Alexander names no contemporary: Zeno and Cleanthes never appear in the corpus, Chrysippus nine times, and the usual formula is hoi apo tēs Stoas. Sinc"
scholarly_argument_sorabji_cicero_on_free_will_vs_fate_4,argument,Sorabji: Cicero follows Lucretius in defending free will against the Stoic view that thin,,Stoic,0.44,0.39,fate — Cicero's De Fato engages the Stoic view of fate echoing Lucretius's terminology of free willing (voluntas libera) against a Stoic everlasting chain of causes,Cicero on free will vs. fate — Cicero's De Fato engages the Stoic view of fate echoing Lucretius's terminology of free willing (voluntas libera) against a Stoic everlasting chain of causes
scholarly_argument_sorabji_commentary_tradition_as_school_3,argument,Sorabji: The commentators represent the thought and classroom teaching of Aristotelian an,,Peripatetic,0.44,0.4,"Commentary tradition as school thought and classroom teaching — The commentators represent the thought and classroom teaching of Aristotelian and Neoplatonist schools, providing a panorama of 1100 years of Ancient Greek philosophy and preserving many original quotations from lost","Commentary tradition as school thought and classroom teaching — The commentators represent the thought and classroom teaching of Aristotelian and Neoplatonist schools, providing a panorama of 1100 years of Ancient Greek "
person_thomas_hobbes_2t6o7p35,person,Thomas Hobbes,,Modern scholarship,0.44,0.39,"Hobbes developed what modern scholars characterize as a mechanistic compatibilist theory of freedom grounded in his materialist metaphysics: all reality consists of bodies in motion, mind is a process in the brain caused by external bodies, and the will is a material state fully ","Thomas Hobbes (1588–1679), English philosopher and author of Leviathan (1651), De Corpore (1655), and Of Liberty and Necessity (1654). Hobbes developed what modern scholars characterize as a mechanistic compatibilist the"
work_free_mele_5m6n7o8p,work,Free: Why Science Hasn't Disproved Free Will,,Modern scholarship,0.44,0.4,no textual anchor,"Systematic critique of neuroscientific challenges to free will, especially Libet-style experiments. Argues that readiness potential may not represent decision, subjects retain veto power, experiments involve trivial choi"
argument_compatibilism_through_divine_concurrence_d6ce2a0f,argument,Compatibilism through Divine Concurrence,,Christian (patristic),0.45,0.41,no textual anchor,"The doctrine of divine concurrence (concursus divinus) holds that God cooperates with (concurs with) every created cause to produce its effects. God is the universal primary cause, and creatures are secondary causes—both"
argument_diodore_tarsus_impossibility_prediction_carneadean,argument,"Diodore, Contra Heimarmenen VIII.45 - dilemme carneadien de la prediction astrologique",,Pyrrhonist/Sceptic,0.45,0.4,no textual anchor,"Anti-astrological dilemma deployed by Diodorus of Tarsus in the Contra Heimarmenen Book VIII §45 (= Photius Bibl. cod. 223, ed. Bekker p. 219a-219b = PG 103, 868AB). A classic Carneadean argument: 'if those who know the "
argument_frede_2011_augustine_no_new_notion_vs_dihle,argument,Augustin n'invente PAS une notion radicalement nouvelle de libre arbitre (Frede 2011 vs Dihle),,Christian (patristic),0.45,0.4,"(P3) after the fall, Augustine strictly follows the Stoic dichotomy free / slave: no more libertas, only liberum arbitrium = Stoic eph' hēmin (De lib.","Frede 2011 Ch. 9 (p. 153-174) argument, a response thesis to Dihle 1982. Five sub-premises: (P1) the Augustinian velle is the complex Epictetan notion of will involved in every assent, including non-impulsive assent (Dih"
argument_nemesius_nat_hom_35_carneadean_summary_amand1945,argument,Némésios Nat. Hom. 35 — résumé sec de l'argumentation morale carnéadienne,,Pyrrhonist/Sceptic,0.45,0.4,"Dry, skeletal summary of Carneades’ anti-fatalist moral argument inserted by Nemesius at the beginning of chapter 35 of the Peri physeos anthropou (PG 40, 741 BC, l.","Dry, skeletal summary of Carneades’ anti-fatalist moral argument inserted by Nemesius at the beginning of chapter 35 of the Peri physeos anthropou (PG 40, 741 BC, l. 18-33). For Amand 1945 (Book II ch. XIV §IV, p. 568-56"
scholarly_argument_breytenbach_free_will_and_moral_responsibi_0,argument,"Breytenbach: The work does not directly address free will, determinism, or fate as philosophi",,Modern scholarship,0.45,0.41,no textual anchor,"free will and moral responsibility in early Christian Athens — The work does not directly address free will, determinism, or fate as philosophical/theological problems; it focuses on social, archaeological, and instituti"
scholarly_argument_engberg_pedersen_paul_and_the_judaism_hellenism_3,argument,Engberg-Pedersen: Paul's thought should not be forced into either purely Jewish or purely Hellenis,,Modern scholarship,0.45,0.41,no textual anchor,"Building on Paul Beyond the Judaism/Hellenism Divide (2001), Engberg-Pedersen holds that Paul's world-view 'is certainly a Jewish, apocalyptic one', but that 'parts of it are also spelled out by Paul in terms of Greco-Ro"
scholarly_argument_l_hr_gnostic_determinism_as_heresio_0,argument,Löhr: The charge of Gnostic determinism originated as a heresiological polemical const,,Christian (patristic),0.45,0.41,"Löhr studies the 'hereseological cliché' of Gnostic determinism as it appears in Irenaeus, Clement of Alexandria and Origen: a distinct heresiological tradition 'inaugurated/created by Irenaeus, developed by Clement and perfected by Origen'.","Löhr studies the 'hereseological cliché' of Gnostic determinism as it appears in Irenaeus, Clement of Alexandria and Origen: a distinct heresiological tradition 'inaugurated/created by Irenaeus, developed by Clement and "
scholarly_argument_pawlak_free_will_0,argument,"Pawlak: No position on free will, determinism, fate, or moral responsibility is taken in",,Modern scholarship,0.45,0.41,no textual anchor,"free will — No position on free will, determinism, fate, or moral responsibility is taken in this work. The article is exclusively concerned with linguistic markers of sarcasm and verbal irony in ancient Greek texts."
scholarly_argument_ramelli_matter_and_evil_origen_s_align_4,argument,Ramelli: Alexander refused to connect matter with evil; Origen similarly refused this con,,Christian (patristic),0.45,0.41,Matter and evil: Origen's alignment with Alexander against Plotinus — Alexander refused to connect matter with evil;,"Matter and evil: Origen's alignment with Alexander against Plotinus — Alexander refused to connect matter with evil; Origen similarly refused this connection, making Alexander closer to Origen than to Plotinus on this po"
scholarly_argument_pr_aux_textual_criticism_of_octavius__4,argument,Préaux: The manuscript reading sortis (forming asyndeton with fortunae) should be preser,,Modern scholarship,0.45,0.41,no textual anchor,"textual criticism of Octavius XXXVI, 1 — The manuscript reading sortis (forming asyndeton with fortunae) should be preserved against Heumann's conjecture; the expression sors fortunae belongs to astrological language and"
person_fischer_john_martin_3w4x5y6z,person,John Martin Fischer,,Pyrrhonist/Sceptic,0.45,0.41,no textual anchor,"John Martin Fischer (né 1952). Distinguished Professor of Philosophy à UC Riverside. Compatibiliste contemporain majeur. Ouvrages : *The Metaphysics of Free Will: An Essay on Control* (Blackwell, 1994) ; *Responsibility "
person_francisco_suarez_late_16th_c_scholastic_tradition_continued_into_17th_c_d5e0d92c,person,Francisco Suárez (late 16th c.) / Scholastic tradition continued into 17th c.,,Christian (patristic),0.45,0.4,no textual anchor,"Francisco Suárez (1548-1617), the ""Doctor Eximius,"" was a Spanish Jesuit philosopher and theologian whose comprehensive Disputationes Metaphysicae (1597) became the most influential scholastic text of the early modern pe"
scholar_guillon_j,person,Jean-Baptiste Guillon,,Modern scholarship,0.45,0.4,no textual anchor,"Metaphysics and philosophy of knowledge, free will"
scholar_wang_p,person,Paul Chua Wang,,Modern scholarship,0.45,0.4,no textual anchor,Theology; New Testament studies; Pauline theology; doctrine of predestination
scholarly_argument_boyd_early_church_libertarian_augustine_stoic_turn,argument,Boyd: the early church defended libertarian freedom until Augustine's Stoic compatibilist turn,,Modern scholarship,0.45,0.4,no textual anchor,"Boyd rejects Highfield's argument that libertarian freedom is a modern, prideful, humanistic idea driven by the need to be autonomous: the early church uniformly and emphatically defended free will against all forms of d"
scholar_scarponi_ilaria,person,Ilaria Scarponi,,Christian (patristic),0.45,0.41,Scholar of Pelagian and Origenian biblical exegesis and contributor to Perspectives on Origen and the History of His Reception (2021).,Scholar of Pelagian and Origenian biblical exegesis and contributor to Perspectives on Origen and the History of His Reception (2021).
scholarly_argument_heinze_used_not_caused,argument,Heinze: providence uses evil choices without causing them,,Modern scholarship,0.45,0.4,no textual anchor,Demonic attacks test the righteous and discipline sinners; providence assigns roles while demonic intentions cause evil action.
argument_erasmian_free_will_7s1n2o80,argument,Erasmus's Defense of Free Will,,Christian (patristic),0.46,0.41,Church Fathers diverse;,Erasmus's moderate defense of human free will against Luther. Argues Scripture contains ambiguous passages supporting both sides; Church Fathers diverse; moral exhortation presupposes freedom; human dignity requires genu
scholarly_position_kahn_will_emerges_seneca_epictetus,argument,Discovery of the will from Aristotle to Augustine,,Modern scholarship,0.46,0.41,no textual anchor,"Discovery of the will from Aristotle to Augustine — Classical Greek philosophy contains no distinct term/concept for 'will' as an independent psychological faculty; the Latin voluntas/libera voluntas emerges via Cicero, "
scholarly_argument_dodson_moral_responsibility_and_agenc_1,argument,Dodson: The volume includes essays examining how both figures address moral transformati,,Modern scholarship,0.46,0.42,no textual anchor,"moral responsibility and agency in Paul and Seneca — The volume includes essays examining how both figures address moral transformation, suffering, and ethical obligation, but does not as a whole resolve whether either f"
scholarly_argument_haacker_relativization_of_descent_in_r_2,argument,"Haacker: Paul problematizes the concept of Israel in Romans 9:6b-13, relativizing physica",,Modern scholarship,0.46,0.41,no textual anchor,"Haacker: to support the thesis that God's word has not failed (Rom 9.6a), Paul first problematises the concept 'Israel' in 9.6b-13, relativising Israelite descent for participation in the history of election (only Isaac,"
scholarly_argument_hildebrandt_alexander_objections_fail_homonymy,argument,Hildebrandt: most Alexandrian objections fail by exploiting the homonymy of 'contingent',,Modern scholarship,0.46,0.42,no textual anchor,"Hildebrandt argues that several objections in Alexander, De fato 8-9, miss their target because 'contingent' is used in different senses: an Aristotelian sense tied to essence or proper cause and a Stoic sense tied to th"
scholarly_argument_oviedo_freedom_and_love_4,argument,Oviedo: The centrality of freedom for theology requires connecting it with love's experi,,Cannot be determined from the description,0.46,0.41,no textual anchor,"freedom and love — The centrality of freedom for theology requires connecting it with love's experience and commandment, but this needs development in a separate study"
scholarly_argument_runia_philo_s_influence_on_early_chr_2,argument,Runia: Philo's influence on early Christian literature was extensive but often indirect,,Modern scholarship,0.46,0.41,no textual anchor,"Runia's conclusions distinguish three streams of Philonic reception: before Clement a broader 'Philonism' (Barnabas, Justin, Theophilus), whose direct dependence on Philo cannot be proved; a 'direct tradition' running th"
scholarly_argument_o_keefe_aristotle_and_epicurus_on_orig_5,argument,O'Keefe: Epicurus' theory of freedom has closer affinities with Aristotle's thought than ,,Epicurean,0.46,0.42,Chapter 3 compares Epicurus with Aristotle's NE 3 on the agent as 'origin' (archê) and cause of his actions and character.,Chapter 3 compares Epicurus with Aristotle's NE 3 on the agent as 'origin' (archê) and cause of his actions and character. Conclusions 'in part positive and in part negative': Epicurus 'would be sympathetic to Aristotle'
person_ekstrom_laura_1u2v3w4x,person,Laura Waddell Ekstrom,,Modern scholarship,0.46,0.42,Contemporary philosopher who developed preference libertarianism.,Contemporary philosopher who developed preference libertarianism. Argues that free will requires that agents' preferences are formed through indeterministic processes of critical reflection. Combines insights from Frankf
person_strawson_peter_frederick_2l3m4n5o,person,P.F. Strawson,,Christian (patristic),0.46,0.42,no textual anchor,"British philosopher who revolutionized free will debate with 'Freedom and Resentment' (1962). Argued that debates about determinism and free will are beside the point because our reactive attitudes (gratitude, resentment"
scholar_butticaz_s,person,Simon Butticaz,,Christian (patristic),0.46,0.42,"New Testament studies, Pauline theology, early Christian identity","New Testament studies, Pauline theology, early Christian identity"
scholar_l_hr_w,person,Winrich Alfried Löhr,,Gnostic,0.46,0.42,"Patristics, Gnosticism, early Christian heresiology","Patristics, Gnosticism, early Christian heresiology"
scholar_zetterholm_m,person,Magnus Zetterholm,,Modern scholarship,0.46,0.41,no textual anchor,"Pauline studies, New Testament"
work_de_divinatione_cicero,work,"Cicero, De Divinatione",,Academic/Platonist,0.46,0.42,"The work is cast as a dialogue between Cicero's brother Quintus, who defends the Stoic case for divination in Book I, and Marcus (Cicero himself), who systematically demolishes it in Book II from a skeptical-Academic standpoint.","Written in the spring of 44 BCE, shortly after Caesar's assassination, the two books of De Divinatione form the second installment of Cicero's theological trilogy, preceded by De Natura Deorum (45 BCE) and followed immed"
work_lucian_apologia,work,"Lucien, Apologie",,Pyrrhonist/Sceptic,0.46,0.42,A fleeting allusion—Amand considers it unlikely that this is a conscious use of Carneades' moral argument—but testimony to Lucian's contempt for the vulgar fatalistic conception of his time,"Apology (Ἀπολογία) by Lucian of Samosata, a short work in which the Syrian rhetorician apologizes to his friend Sabinus for having accepted a remunerated post in the provincial administration of Egypt in his old age. For"
scholar_hall_sg,person,Stuart George Hall,,Christian (patristic),0.46,0.42,British patristics scholar (King's College London);,"British patristics scholar (King's College London); editor and translator of Melito of Sardis, On Pascha and Fragments (Oxford Early Christian Texts, Clarendon Press, 1979)."
work_smilansky_free_will_illusion_2000,work,Free Will and Illusion,,Modern scholarship,0.46,0.41,no textual anchor,"Saul Smilansky, Free Will and Illusion (Oxford University Press, 2000)."
scholarly_argument_meyer_1998_unable_said_many_ways,argument,Meyer: 'unable' is said in many ways — deterministic inability must be shown morally relevant,,Modern scholarship,0.46,0.42,no textual anchor,"Analysing the Stoic modal definitions, Meyer argues that determinism entails neither of the two conditions under which the Stoics would deny that Dion is able to walk (incompatibility with his nature; external prevention"
scholarly_argument_holliday_power_and_exercise,argument,Holliday: power of choice and moral exercise are distinct,,Christian (patristic),0.46,0.42,no textual anchor,"The soul's power to choose differs from its assessable exercise, supporting responsibility against fixed-nature accounts."
scholarly_argument_linjamaa_three_classes_of_humans_and_re_3,argument,"Linjamaa: The Tripartite Tractate's threefold anthropology (pneumatic, psychic, hylic) rep",,Gnostic,0.46,0.42,no textual anchor,Linjamaa (ch. 4): TriTrac's tripartite anthropology is 'an early Christian deterministic system' but 'not ... hard determinism; there is room for personal improvement'. The categories are Stoic-like dispositions that do 
argument_hobbess_rejection_of_immaterial_soul_02b7bcda,argument,Hobbes's Rejection of Immaterial Soul,,Modern scholarship,0.47,0.43,no textual anchor,"Hobbes's materialist philosophy denies the existence of an immaterial soul, arguing that all mental phenomena (thought, will, perception) are physical processes in the brain. This materialism has implications for free wi"
argument_self_refutation_final_alex,argument,Self-Refutation Argument - Final Form (Alexander),,Stoic,0.47000000000000003,0.43,"Premise 1: The act of persuading presupposes that persuasion can change beliefs
Premise 2: If determinism is true, beliefs are determined regardless of arguments
Premise 3: Therefore arguing for determinism presupposes its falsity
Premise 4: Stoic life contradicts Stoic doctrine ","Premise 1: The act of persuading presupposes that persuasion can change beliefs
Premise 2: If determinism is true, beliefs are determined regardless of arguments
Premise 3: Therefore arguing for determinism presupposes i"
argument_cafma_futility_of_sanctions_0e5f7h43,argument,"CAFMA Argument III: Futility of Praise, Blame, and Sanctions",,Pyrrhonist/Sceptic,0.47000000000000003,0.42,no textual anchor,"If character is determined by fate, then praise (épainos) and blame (psogos), honors and punishments are without purpose. One cannot praise someone who is good by necessity, nor blame someone who is bad by astral constra"
scholarly_argument_gaventa_spirit_s_liberating_work_and_t_3,argument,Gaventa: The Spirit's work transforms 'slaves of righteousness' into siblings of Jesus Ch,,Modern scholarship,0.47000000000000003,0.42,no textual anchor,"Spirit's liberating work and transformation of human status — The Spirit's work transforms 'slaves of righteousness' into siblings of Jesus Christ, with creation anticipating God's final triumph; this liberation is not m"
scholarly_argument_koch_necessity_and_fate_alexander_s_3,argument,Koch: Alexander reports that Stoics distinguish fate from necessity (τὰ γιγνόμενα καθ’,,Stoic,0.47000000000000003,0.43,"Koch observes that Alexander often uses fate and necessity as equivalents, sometimes in one formula, yet shows himself fully aware — as Cicero does for Chrysippus — that the Stoics seek to distinguish themselves from pure necessitarianism, though in his eyes without adequate mean","Koch observes that Alexander often uses fate and necessity as equivalents, sometimes in one formula, yet shows himself fully aware — as Cicero does for Chrysippus — that the Stoics seek to distinguish themselves from pur"
scholarly_argument_klawans_2012_pharisaic_vs_stoic_compatibilism,argument,Pharisaic two-sided free will ≠ Stoic/Chrysippean compatibilism (Klawans 2012),,Modern scholarship,0.47000000000000003,0.43,no textual anchor,"Klawans argues that, although Josephus's terminology is Hellenistic (Stoic), the Pharisaic position is NOT equivalent to Chrysippean Stoic compatibilism. Drawing on Cicero's On Fate 39-43 (the cylinder-and-cone analogy, "
scholarly_argument_moon_free_will_vs_determinism_in_pa_3,argument,Moon: The patristic interpretation of Romans 9:6-13 reveals fundamental tensions betwe,,Christian (patristic),0.47000000000000003,0.42,"Moon's summary: a predestinarian approach to Rom 9:6-13 arose among gnostic Christians, who raised the predestination of the patriarchs to 'a universal paradigm';","Moon's summary: a predestinarian approach to Rom 9:6-13 arose among gnostic Christians, who raised the predestination of the patriarchs to 'a universal paradigm'; their approach 'determined the approach of Origen', whose"
scholarly_argument_pouderon_determinism_and_fate_vs_christ_1,argument,Pouderon: The apologists combated gnostic determinism which distinguished the transcendent,,Christian (patristic),0.47000000000000003,0.42,"Pouderon's back-cover presentation says the apologists, besides defending Christians against pagan accusations and building 'un premier pont' between pagan philosophy and Christianity, fought closer adversaries: the gnostics, who 'au nom d'une interprétation supérieure des Écritu","Pouderon's back-cover presentation says the apologists, besides defending Christians against pagan accusations and building 'un premier pont' between pagan philosophy and Christianity, fought closer adversaries: the gnos"
scholarly_argument_telfer_justin_martyr_s_source_for_aut_1,argument,Telfer: Justin's use of autexousia vocabulary and ideas likely derives from lost Helleni,,Christian (patristic),0.47000000000000003,0.43,no textual anchor,Telfer holds that Justin's employment of the adjective for universal human self-determination 'can hardly be original': there 'must have been known to him' a lost field of apologetic literature of Hellenized Judaism from
person_jean_buridan_attributed_e5990f67,person,Jean Buridan (attributed),,Christian (patristic),0.47000000000000003,0.43,no textual anchor,"Jean Buridan (c. 1300-1358 CE) was a French nominalist philosopher at the University of Paris, known for logic, physics, and the famous thought experiment ""Buridan's Ass."" Though never formally attributed to him in his w"
person_lucian_samosata_c125_180,person,Lucien de Samosate,,Pyrrhonist/Sceptic,0.47000000000000003,0.43,no textual anchor,"Lucian of Samosata (c. 125 - after 180 CE), a Greek rhetorician and satirist of Syrian origin, trained in the rhetoric of Asia Minor and subsequently active as an itinerant lecturer in Ionia, Greece, Italy and Gaul, and "
scholar_grgi_f,person,Filip Grgić,,Modern scholarship,0.47000000000000003,0.42,no textual anchor,"philosophy of action, free will, history of philosophy"
scholarly_argument_linjamaa_stoic_influence_on_valentinian_2,argument,"Linjamaa: The Tripartite Tractate's theory of emotions, cognitive psychology, and ethical ",,Modern scholarship,0.47000000000000003,0.42,no textual anchor,"Linjamaa (ch. 2 conclusion): reading TriTrac against Stoic and Platonic theories of emotion illuminates its ethics, whose theoretical basis is a theory of cognition; but the text is 'an advanced reception of Aristotelian"
argument_carter_2024_future_truth_necessity_gc,argument,"Carter: Aristotle accepts Future Truth Necessity (modal semantics of 'will be', GC 2.11)",,Modern scholarship,0.48,0.43,no textual anchor,"Carter argues that, for modally unqualified future tense statements, Aristotle accepts the fatalist's principle Future Truth Necessity (TFp -> [box]Fp): an unqualified affirmation or denial of a singular future contingen"
argument_frede_2011_aristotle_no_will_no_free_will,argument,Aristote n'a ni notion de volonté ni notion de libre arbitre (Frede 2011),,Modern scholarship,0.48,0.45,no textual anchor,Argument Frede 2011 Ch. 2 (p. 19-29). Premises: (P1) Aristotle has boulēsis = reasoned desire functionally dependent on cognition (to see the good = to desire it); (P2) Aristotle has prohairesis = a special form of boulē
scholarly_argument_boys_stones_cyclical_recurrence_great_year_4,argument,Boys-Stones: Exact cyclical recurrence commits Platonists to General Causal Principle; only a,,Middle Platonist,0.48,0.44,"Boys-Stones adduces the Platonist belief in exact cyclical recurrence (ps.-Plutarch, De fato 569A-C;","Boys-Stones adduces the Platonist belief in exact cyclical recurrence (ps.-Plutarch, De fato 569A-C; Celsus apud Origen, Contra Celsum 5.21) as 'one extra piece of evidence' for his reading of hypothetical fate as 'a mat"
scholarly_argument_dihle_the_concept_of_will_velle_in_g_1,argument,Dihle: The Greek philosophical tradition did not need or develop a concept of arbitrary,,Modern scholarship,0.48,0.44,no textual anchor,The concept of 'will' (θέλειν/velle) in Greek cosmology — The Greek philosophical tradition did not need or develop a concept of arbitrary divine will intervening in cosmic processes. Terms like θέλον in Vettius Valens r
scholarly_argument_f_rst_libertarian_critique_of_stoic__3,argument,Fürst: Traces a tradition of libertarian critique of Stoic compatibilism through Cicero,,Modern scholarship,0.48,0.44,no textual anchor,"Fürst (ch. III.3, 'Kritik am stoischen Kompatibilismus') traces the imperial-age criticism of Chrysippus' Kompatibilismus: Cicero, first witness, drawing on Carneades, posits a 'Wille' as mental cause ('Postulat der Will"
scholarly_argument_frede_christian_adoption_of_free_wil_4,argument,Frede: The underlying Stoic notion of free will ultimately found its way into Christian,,Christian (patristic),0.48,0.43,"Frede (Conclusion): the Christians 'by no means developed a distinctive doctrine of a free will of their own, let alone a radically new view';","Frede (Conclusion): the Christians 'by no means developed a distinctive doctrine of a free will of their own, let alone a radically new view'; they 'largely relied on the Stoic view'. Origen differed from the Stoics in a"
scholarly_argument_koch_alexander_s_target_stoic_deter_1,argument,Koch: Alexander's critique is directed against a reconstructed and simplified Stoic do,,Stoic,0.48,0.43,"Against reading the De fato's doctrinal peculiarities as clumsy or malicious deformations, she proposes a richer alternative: Alexander's anonymous interlocutors are imperial-era Stoics faithful to a Chrysippean orthodoxy whose formulations had evolved after five centuries of int","Koch reports, without endorsing, the verdict of Gercke, Long, Duhot and Inwood that Alexander attacks 'une doctrine reconstruite et simplifiée', an adversary made to measure, with distortions that seem deliberate. Agains"
scholarly_argument_haacker_theodicy_and_divine_responsibi_1,argument,Haacker: Paul in Romans 9-11 develops a historical interpretation that traces Israel's ob,,Christian (patristic),0.48,0.43,"Haacker: whereas the rest of early Christianity explained the Jewish majority's rejection of the Jesus movement psychologically, judged it morally, or at most rationalised it as foretold in the OT, Paul in Rom 9-11 offers an interpretation of history that traces Israel's closure ","Haacker: whereas the rest of early Christianity explained the Jewish majority's rejection of the Jesus movement psychologically, judged it morally, or at most rationalised it as foretold in the OT, Paul in Rom 9-11 offer"
scholarly_argument_pr_aux_fate_and_free_will_in_minucius_0,argument,Préaux: Minucius Felix's Octavius contains a sophisticated philosophical treatment of fa,,Christian (patristic),0.48,0.44,"395-398) reconsiders an aspect 'jusqu'ici curieusement négligé' of the Octavius: the argument drawn from 'la doctrine du fatalisme philosophique' advanced by the pagan Caecilius (XI, 5-6) and Octavius' refutation (XXXVI, 1-2), set within the apologist's mainly philosophical demon","Préaux (pp. 395-398) reconsiders an aspect 'jusqu'ici curieusement négligé' of the Octavius: the argument drawn from 'la doctrine du fatalisme philosophique' advanced by the pagan Caecilius (XI, 5-6) and Octavius' refuta"
scholarly_argument_telfer_development_of_autexousia_conc_2,argument,Telfer: The term αὐτεξούσιος evolved from pre-Christian use describing independence (goo,,Christian (patristic),0.48,0.44,"development of autexousia concept — The term αὐτεξούσιος evolved from pre-Christian use describing independence (good, neutral, or disparaging tones) to a technical term for moral self-determination;","development of autexousia concept — The term αὐτεξούσιος evolved from pre-Christian use describing independence (good, neutral, or disparaging tones) to a technical term for moral self-determination; the abstract noun τὸ"
person_avicenna_y5z6a7b8,person,Avicenna (Ibn Sīnā),,Neoplatonist,0.48,0.43,Persian polymath who synthesized Aristotelian and Neoplatonic philosophy.,"Persian polymath who synthesized Aristotelian and Neoplatonic philosophy. Developed necessitarian metaphysics: from necessarily existent God, world emanates with necessity. Created influential distinction between essence"
person_nichols_shaun_6j7k8l9m,person,Shaun Nichols,,Modern scholarship,0.48,0.44,no textual anchor,"American experimental philosopher and cognitive scientist studying folk psychology of free will. His experiments suggest that people have conflicting intuitions: abstract scenarios elicit incompatibilist intuitions, but "
scholar_eche_ique_j,person,Javier Echeñique,,Modern scholarship,0.48,0.44,no textual anchor,"Ancient philosophy, Aristotle's ethics, moral responsibility"
scholar_de_monneron_f,person,François DE MONNERON,,Cannot be determined from the description,0.48,0.44,no textual anchor,"philosophy of free will, determinism, moral responsibility"
scholar_graeser_a,person,Andreas Graeser,,Modern scholarship,0.48,0.44,no textual anchor,"Ancient Philosophy, Neoplatonism, Stoicism"
scholarly_argument_ewing_redirected_choice,argument,Ewing: providence redirects misused choice without authoring evil,,Christian (patristic),0.48,0.43,no textual anchor,Voluntary errors and contrary actions are redirected toward benefit; God neither authors evil nor allows it to remain finally useless.
argument_humean_compatibilism_3y7t8u46,argument,Hume's Compatibilist Argument,,Modern scholarship,0.49,0.44,no textual anchor,Hume's classic compatibilist argument that liberty and necessity are compatible and both essential to morality. Liberty = acting according to will without constraint. Necessity = regular conjunction of motives and action
argument_preestablished_harmony_957f794d,argument,Pre-established Harmony,,Modern scholarship,0.49,0.46,no textual anchor,"Leibniz's doctrine of pre-established harmony (harmonie préétablie) resolves the mind-body problem by denying causal interaction between mental and physical substances. Instead, God pre-programs each substance (monad) to"
argument_saving_teaching_alex,argument,Legacy reconstruction (discovery only): Saving Teaching Argument (Alexander),,Peripatetic,0.49,0.45,no textual anchor,"Practical-risk argument cluster, discovery only. De fato 16-21 gives polemical consequences for human practices. Sharples calls chapter XXI a tour de force comparable to Pascal's wager, not a demonstrated metaphysical pr"
argument_freedom_of_indifference_dab82dcc,argument,Freedom of Indifference,,Modern scholarship,0.49,0.45,no textual anchor,Freedom of indifference (libertas indifferentiae / liberté d'indifférence) is the libertarian thesis that genuine freedom requires the ability to choose otherwise when all internal and external conditions are exactly the
argument_kantian_third_antinomy_6b0w1x79,argument,Kant's Third Antinomy on Freedom,,Modern scholarship,0.49,0.44,no textual anchor,Kant's argument that theoretical reason produces an antinomy (equally provable contradictory theses) regarding freedom and determinism. Thesis: freedom (causality from freedom) exists; necessary for morality. Antithesis:
argument_wildberg_2014_simplicius_neoplatonist_reading_epictetus_prohairesis_not_free_will,argument,Wildberg 2014 — Simplicius's Neoplatonist reading of Epictetan prohairesis (not yet free will),,Neoplatonist,0.49,0.45,"Christian Wildberg's scholarly argument, « The will and its freedom: Epictetus and Simplicius on what is up to us », the 21st contribution to the volume Destrée–Salles–Zingano 2014 (p.","Christian Wildberg's scholarly argument, « The will and its freedom: Epictetus and Simplicius on what is up to us », the 21st contribution to the volume Destrée–Salles–Zingano 2014 (p. 329-349): two theses. (1) Epictetus"
scholarly_argument_acosta_l_pez_de_mesa_aristotle_s_notion_of_free_wil_1,argument,Acosta López de Mesa: Aristotle's notion of free will is superior to the Stoic intellectualist concept,,Peripatetic,0.49,0.44,Aristotle's notion of free will vs.,Aristotle's notion of free will vs. Stoic intellectualism — Aristotle's notion of free will is superior to the Stoic intellectualist conception because it genuinely explains the possibility of choosing evil; the Stoic mo
scholarly_argument_boys_stones_2018_myth_of_er_discarnate_indeterminacy,argument,Myth of Er: possible indeterminist freedom only for the discarnate soul (Boys-Stones 2018),,Modern scholarship,0.49,0.45,no textual anchor,"Boys-Stones' qualified, minority reading of the soul's choice of life (Republic 10, Myth of Er; sources H/K): while embodied human choice is causally determined, choices made by the soul ON ITS OWN need not be — there is"
scholarly_argument_engberg_pedersen_fate_and_moral_responsibility__2,argument,"Engberg-Pedersen: The Stoic system, with its combination of determinism at the cosmic level and in",,Stoic,0.49,0.45,81 Engberg-Pedersen only states that the I→X→S model 'helps to elucidate' Philippians when 'a number of ideas that go with it in its specifically Stoic form' are brought in.,"Not verifiable in the fonds: the extraction holds only the first page of each chapter (pp. ix, 1, 33, 45, 81, 105, 131…). p. 82 and any discussion of Phil 2:12-13, of 'determinism at the cosmic level' or of divine initia"
scholarly_argument_frede_translation_and_interpretation_3,argument,D. Frede: Translating Aristotle's poiētikē aitia as 'efficient cause' is misleading; the n,,Peripatetic,0.49,0.46,Translation and interpretation of Aristotle's aitia poiētikē — Translating Aristotle's poiētikē aitia as 'efficient cause' is misleading;,Translation and interpretation of Aristotle's aitia poiētikē — Translating Aristotle's poiētikē aitia as 'efficient cause' is misleading; the notion of a cause that brings about an effect with necessity has un-Aristoteli
scholarly_argument_l_hr_clement_s_use_of_stoic_concept_3,argument,Löhr: Clement paradoxically employed Stoic philosophical concepts—particularly the fac,,Stoic,0.49,0.44,"Löhr observes that Clement fights 'gnostic determinism' with philosophical concepts from several sources: the Aristotelian/Stoic concept of what is 'up to us' and the Stoic concept of 'the soul's faculty of assent', which 'guarantees its freedom and moral responsibility'.","Löhr observes that Clement fights 'gnostic determinism' with philosophical concepts from several sources: the Aristotelian/Stoic concept of what is 'up to us' and the Stoic concept of 'the soul's faculty of assent', whic"
scholarly_argument_meyer_aristotle_on_weakness_of_will__7,argument,Meyer: Aristotle rejects the Socratic intellectualist thesis that virtue is simply know,,Peripatetic,0.49,0.45,"On Meyer's reading Aristotle stands in the tradition of Plato's Socrates in the Protagoras: knowing what one should do is impossible without properly cultivated desires, so in EN VII 1-3 he agrees with Socrates that the acratic (weak-willed) and encratic (self-controlled) person,","On Meyer's reading Aristotle stands in the tradition of Plato's Socrates in the Protagoras: knowing what one should do is impossible without properly cultivated desires, so in EN VII 1-3 he agrees with Socrates that the "
scholarly_argument_runia_philo_s_status_as_honorary_chu_1,argument,Runia: Philo became an 'honorary Church Father' due to Eusebius's portrayal of him as a,,Jewish,0.49,0.45,"thereafter he is studied as a Greco-Roman author, and acceptance into the Jewish heritage comes only in the 19th century.","Runia traces the 'gradual development' of Philo's Christian status through testimonia: Eusebius, the first to connect Philo with the Christians (De vita contemplativa as witness to the first Christians in Egypt; meeting "
scholarly_argument_schr_ter_scope_of_pauline_reception_stu_1,argument,Schröter: The volume examines receptions of Paul from Paul's self-perception through early,,Modern scholarship,0.49,0.45,no textual anchor,"The editors' joint Introduction (Schröter, Butticaz and Dettwiler) presents the volume as an overview of receptions of the person, work and theology of Paul in early Christianity 'roughly up to the end of the 2nd century"
scholarly_argument_velardo_determinism_and_free_will_in_j_1,argument,Velardo: Josephus's formula introduces a paradoxical relationship between 'determinism' a,,Jewish,0.49,0.44,no textual anchor,"Determinism and free will in Josephus — Josephus's formula introduces a paradoxical relationship between 'determinism' and 'free will' (libre albedrío), using Stoic terminology of fate as a hermeneutical mechanism to pro"
person_van_inwagen_peter_9s0t1u2v,person,Peter van Inwagen,,Modern scholarship,0.49,0.45,no textual anchor,"Metaphysics, free will, philosophy of religion"
person_taylor_richard_6p7q8r9s,person,Richard Taylor,,Modern scholarship,0.49,0.44,no textual anchor,American philosopher who defended agent causation libertarianism. Argued that action requires the agent to be an 'unmoved mover' - a substance that initiates causal chains without itself being event-caused. Emphasized me
scholar_currado_m,person,Micah Currado,,Christian (patristic),0.49,0.44,"Early Church history, patristics, free will in Christian antiquity","Early Church history, patristics, free will in Christian antiquity"
scholar_irwin_terence,person,T. H. Irwin,,Modern scholarship,0.49,0.45,no textual anchor,"Ancient philosophy, moral psychology, Aristotle"
scholar_jurasz_i,person,Izabela Jurasz,,Modern scholarship,0.49,0.45,no textual anchor,"Ancient philosophy, Platonism, Christian exegesis of Plato"
scholar_karamanolis_george,person,George E. Karamanolis,,Modern scholarship,0.49,0.45,no textual anchor,"ancient philosophy, early Christian philosophy, Platonism"
scholar_karfikova_lenka,person,Lenka Karfíková,,Modern scholarship,0.49,0.45,no textual anchor,"Author of Pojem autexúsios u Klementa Alexandrijského, identified from the local article title page."
work_cudworth_true_intellectual_system_1678,work,The True Intellectual System of the Universe,,Cannot be determined from the description,0.52,0.48,no textual anchor,"Ralph Cudworth, The True Intellectual System of the Universe (first part, 1678). Reference link is an Internet Archive scan of a later edition."
scholarly_argument_engberg_pedersen_self_and_agency_in_paul_2,argument,Engberg-Pedersen: Paul's notion of self is connected to his cosmological world-view through a cons,,Cannot be determined from the description,0.53,0.49,no textual anchor,unchanged (description faithful); pages corrected
scholar_hausmann_m,person,Marco Hausmann,,Cannot be determined from the description,0.55,0.51,no textual anchor,"metaphysics, logic, philosophy of language, freedom, religion"
scholar_mansfeld_j,person,Jaap Mansfeld,,Cannot be determined from the description,0.61,0.57,no textual anchor,"ancient philosophy, history of philosophy"
scholar_dodson_j,person,Joseph R. Dodson,,Cannot be determined from the description,0.62,0.59,no textual anchor,"Biblical Studies, New Testament"
person_diogenes_laertius_3c_ce,person,Diogenes Laertius,Doxographer,No school affiliation / not a school-bound figure,0.74,0.72,no textual anchor,"Greek doxographer (fl. earlier 3rd century CE), author of the Βίοι καὶ γνῶμαι τῶν ἐν φιλοσοφίᾳ εὐδοκιμησάντων (Lives and Opinions of Eminent Philosophers), a biographical-doxographical history of Greek philosophy in ten "
work_diogenes_laertius_lives,work,"Diogenes Laertius, Lives of Eminent Philosophers",,No school affiliation / not a school-bound figure,0.74,0.72,no textual anchor,"Βίοι καὶ γνῶμαι τῶν ἐν φιλοσοφίᾳ εὐδοκιμησάντων (Lives and Opinions of Eminent Philosophers), composed in the earlier decades of the 3rd century CE (precise date uncertain; no evidence of awareness of Neoplatonism places"
